sku,category,product_name,supplier,pack_quantity,abrasive_form,abrasive_width_in,abrasive_width_in__unit,abrasive_length_in,abrasive_length_in__unit,brand,manufacturer,length_in,length_in__unit,width_in,width_in__unit,selling_uom,product_name_generic,mobile_desc,invoice_desc,short_desc,long_desc,retail_desc,marketing_description,item_features,includes,application,quality_score,review_state,grit,attachment_type,series,mineral_type,backing_type,abrasive_diameter_in,abrasive_diameter_in__unit,with_clause,disc_thickness_in,disc_thickness_in__unit,arbor_size_in,arbor_size_in__unit,material,tape_width_in,tape_width_in__unit,roll_length_ft,roll_length_ft__unit,product_form,height_in,height_in__unit,color,appliance_type,finish_color,appliance_width_in,appliance_width_in__unit,fuel_type,voltage_v,voltage_v__unit,finish,product_type,load_type,apparel_type,apparel_size,mortar_type,color_name,color_code,component_type,rail_length_ft,rail_length_ft__unit,baluster_style,railing_material
DCB518ASTS06G,abrasive_product,"DCB518ASTS06G Diablo 1/2""x18"" - Sanding Belt 6pc",Freud Inc,6.0,Belt,0.5,in,18.0,in,Diablo,Freud Inc,18.0,in,0.5,in,PK,Sanding Belt,"Freud Inc, Diablo 1/2""x18"" - Sanding Belt 6pc, DCB518ASTS06G",DIABLO SANDING BELT 0.5X18 6PK,"Diablo DCB518ASTS06G, 1/2""x18"" Sanding Belt, 6 Pack, Abrasive Belt, 0.5 in Width, 18 in Length","Diablo DCB518ASTS06G 1/2""x18"" Sanding Belt, 6pc, manufactured by Freud Inc, abrasive form is belt, width is 0.5 in, length is 18 in, pack quantity is 6, selling UOM is PK",Sanding belt for abrasive applications. Measures 0.5 inches by 18 inches. Supplied in a 6-pack,"The Diablo DCB518ASTS06G is a sanding belt designed for abrasive applications. This product is supplied in a pack of 6 units, with each belt measuring 0.5 inches in width and 18 inches in length","['0.5 Inch Width', '18 Inch Length', '6 Pack Quantity', 'Belt Abrasive Form', 'Freud Inc Manufacturer']",6 Sanding Belts,"['Abrasive finishing', 'Material sanding']",79.8,needs_review,,,,,,,,,,,,,,,,,,,,,,,,,,,,,,,,,,,,,,,,,
3MABR-7100075678,abrasive_product,3M 775L Stikit Film P150 - Cubitron II 50 Disc/Box,Jam Industrial Supply LLC,50.0,Disc,,,,,3M,3M,,,,,BX,Abrasive Disc,"3M, 3M 775L Stikit Film P150 - Cubitron II, 3MABR-7100075678",3M 775L STIKIT FILM DISC P150 50BX,"3M 3MABR-7100075678, 3M 775L Stikit Film P150 - Cubitron II, 150 Grit, Stikit / PSA Attachment, Film Backing, 50 Pack Quantity","3M 3MABR-7100075678, 3M 775L Stikit Film P150 - Cubitron II, abrasive_product category, 150 grit, 50 pack quantity, BX selling UOM, Stikit / PSA attachment, disc abrasive form, 3M brand, 3M manufacturer, film backing type",Abrasive disc with 150 grit and Stikit/PSA attachment. Film backing construction. 50 discs per box,The 3M 775L Stikit Film Disc features a 150 grit abrasive surface designed for consistent material removal. This product utilizes a Stikit / PSA attachment system for secure mounting and a film backing for durability in industrial abrasive applications,"['150 Grit', 'Stikit / PSA Attachment', 'Film Backing', 'Disc Form', '50 Per Box']",50 Discs,"['Surface preparation', 'Material removal', 'Industrial sanding']",81.5,needs_review,150.0,Stikit / PSA,775L,Cubitron II,Film,,,,,,,,,,,,,,,,,,,,,,,,,,,,,,,,,,,,
3MABR-7100045865,abrasive_product,3M 775L Stikit Film P120 - Cubitron II 50 Disc/Box,Jam Industrial Supply LLC,50.0,Disc,,,,,3M,3M,,,,,BX,Abrasive Disc,"3M, 775L Stikit Film P120 Cubitron II, 3MABR-7100045865",3M 775L STIKIT FILM DISC P120 50BX,"3M 775L Stikit Film P120 Cubitron II, 3MABR-7100045865, 120 Grit, Film Backing, Stikit/PSA Attachment, 50 Disc/Box","3M 3MABR-7100045865, 3M 775L Stikit Film P120 - Cubitron II 50 Disc/Box, Abrasive Product, 120 Grit, 50 Pack Quantity, BX Selling UOM, Stikit / PSA Attachment, Disc Abrasive Form, 3M Brand, Cubitron II Mineral, 3M Manufacturer, Film Backing","Abrasive disc with Cubitron II mineral and film backing. Features Stikit/PSA attachment for secure mounting. 120 grit, 50 discs per box","The 3M 775L Stikit Film disc utilizes Cubitron II mineral technology for abrasive applications. This product features a film backing and a Stikit/PSA attachment system, supplied in a box of 50 discs","['120 Grit', 'Cubitron II Mineral', 'Film Backing', 'Stikit/PSA Attachment', 'Disc Abrasive Form', '50 Pack Quantity']",50 Discs,"['Abrasive grinding', 'Surface finishing']",80.7,needs_review,120.0,Stikit / PSA,775L,Cubitron II,Film,,,,,,,,,,,,,,,,,,,,,,,,,,,,,,,,,,,,
3MABR-7100048736,abrasive_product,3M 775L Stikit Film P80 - Cubitron II 50 Disc/Box,Jam Industrial Supply LLC,50.0,Disc,,,,,3M,3M,,,,,BX,Abrasive Disc,"3M, 3M 775L Stikit Film P80 - Cubitron II 50 Disc/Box, Cubitron II, 3MABR-7100048736",3M 775L STIKIT FILM DISC P80 50BX,"3M Cubitron II 3MABR-7100048736 3M 775L Stikit Film P80 - Cubitron II 50 Disc/Box, 80 Grit, Film Backing, Stikit/PSA Attachment, 50 Pack","3M 775L Stikit Film P80 - Cubitron II 50 Disc/Box, 3MABR-7100048736, 3M, Cubitron II series, 80 grit, film backing, Stikit / PSA attachment, disc abrasive form, 50 pack quantity, BX selling UOM","80 grit film abrasive disc with Stikit/PSA attachment. Cubitron II series, supplied in a pack of 50",The 3M 775L Stikit Film disc features the Cubitron II series abrasive technology on a film backing. This abrasive disc utilizes a Stikit/PSA attachment system and is supplied in a pack of 50 units,"['80 Grit', 'Film Backing', 'Stikit / PSA Attachment', 'Disc Abrasive Form', 'Cubitron II Series', '50 Pack Quantity']",50 Discs,"['Surface preparation', 'Material removal', 'Finishing']",74.8,needs_review,80.0,Stikit / PSA,Cubitron II,Cubitron II,Film,,,,,,,,,,,,,,,,,,,,,,,,,,,,,,,,,,,,
3MABR-7100075690,abrasive_product,3M 775L Stikit Film P180 - Cubitron II 50 Disc/Box,Jam Industrial Supply LLC,50.0,Disc,,,,,3M,3M,,,,,BX,Abrasive Disc,"3M, 3M 775L Stikit Film P180 - Cubitron II 50 Disc/Box, Cubitron II, 3MABR-7100075690",3M 775L STIKIT FILM P180 DISC 50 BX,"3M Cubitron II 3MABR-7100075690 775L Stikit Film P180 Disc, 180 Grit, Stikit/PSA Attachment, Film Backing, 50 Pack Quantity","3M 775L Stikit Film P180 - Cubitron II 50 Disc/Box, 3MABR-7100075690, 3M, Cubitron II, 180 Grit, 50 Pack Quantity, BX Selling UOM, Stikit / PSA Attachment, Disc Abrasive Form, Film Backing","Abrasive disc with film backing and Stikit/PSA attachment. 180 grit, 50 discs per box","The 3M 775L Stikit Film P180 is a Cubitron II abrasive disc designed for consistent material removal. This product features a film backing and a Stikit/PSA attachment system for secure mounting, supplied in a box of 50 units","['180 Grit', 'Film Backing', 'Stikit / PSA Attachment', '50 Pack Quantity', 'Disc Abrasive Form']",50 Discs,"['Surface finishing', 'Material sanding']",75.7,needs_review,180.0,Stikit / PSA,Cubitron II,Cubitron II,Film,,,,,,,,,,,,,,,,,,,,,,,,,,,,,,,,,,,,
3MABR-7100075692,abrasive_product,3M 775L Stikit Film P220 - Cubitron II 50 Disc/Box,Jam Industrial Supply LLC,50.0,Disc,,,,,3M,3M,,,,,BX,Abrasive Disc,"3M, 3M 775L Stikit Film P220 - Cubitron II 50 Disc/Box, 775L, 3MABR-7100075692",3M 775L STIKIT FILM P220 DISC 50-BX,"3M 775L 3MABR-7100075692 3M 775L Stikit Film P220 - Cubitron II 50 Disc/Box, 220 Grit, Stikit / PSA Attachment, 50 Pack Quantity, Abrasive Disc Form","3M, 3MABR-7100075692, 3M 775L Stikit Film P220 - Cubitron II 50 Disc/Box, 775L Series, Cubitron II Mineral, 220 Grit, Stikit / PSA Attachment, Abrasive Disc Form, 50 Pack Quantity, Jam Industrial Supply LLC Supplier Account","775L Series Cubitron II film abrasive disc with Stikit / PSA attachment. 220 Grit, 50 discs per box",The 3M 775L Stikit Film disc features Cubitron II mineral technology for consistent abrasive performance. This P220 grit disc utilizes a Stikit / PSA attachment system for secure application and is supplied in a box of 50 units,"['3M Cubitron II Mineral', '775L Series', '220 Grit', 'Stikit / PSA Attachment', 'Disc Abrasive Form', '50 Pack Quantity']",50 Discs,"['Surface finishing', 'Sanding applications']",81.8,needs_review,220.0,Stikit / PSA,775L,Cubitron II,Film,,,,,,,,,,,,,,,,,,,,,,,,,,,,,,,,,,,,
3MABR-7100145365,abrasive_product,3M 775L Stikit Film P320 - Cubitron II 50 Disc/Box,Jam Industrial Supply LLC,50.0,Disc,,,,,3M,3M,,,,,BX,Abrasive Disc,"3M, 775L Stikit Film P320 Cubitron II, 3MABR-7100145365",3M 775L STIKIT FILM DISC P320 50BX,"3M 775L Stikit Film P320 Cubitron II, 3MABR-7100145365, Abrasive Disc, 320 Grit, Stikit/PSA Attachment, Film Backing, 50 Pack","3M 775L Stikit Film P320 - Cubitron II 50 Disc/Box, 3MABR-7100145365, abrasive_product, 320 Grit, 50 Pack Quantity, BX Selling UOM, Stikit / PSA Attachment, Disc Abrasive Form, 3M Brand, 3M Manufacturer, Film Backing Type",Abrasive disc with Stikit/PSA attachment and film backing. Features 320 grit for precise material removal. Supplied in a box of 50 discs,"The 3M 775L Stikit Film P320 Cubitron II abrasive disc is designed for consistent material finishing. This product features a film backing and a Stikit/PSA attachment system for secure mounting, supplied in a box of 50 units","['320 Grit', 'Film Backing', 'Stikit / PSA Attachment', 'Disc Abrasive Form', '50 Pack Quantity']",50 Discs,"['Surface finishing', 'Material abrasion']",81.5,needs_review,320.0,Stikit / PSA,775L,Cubitron II,Film,,,,,,,,,,,,,,,,,,,,,,,,,,,,,,,,,,,,
5B-332-080,abrasive_product,"5B-332-080 HIOLIT 5"" P80",Mirka Abrasives Inc,,Disc,,,,,Mirka,Mirka Abrasives Inc,,,,,,Abrasive Disc,"Mirka, 5B-332-080 HIOLIT 5"" P80, Hiolit, 5B-332-080",MIRKA HIOLIT 5IN P80 DISC 5B-332-080,"Mirka Hiolit 5B-332-080 5"" P80 Abrasive Disc, 5"" diameter, 80 grit, disc form, manufactured by Mirka Abrasives Inc","Mirka 5B-332-080 abrasive product, Hiolit series, 5"" abrasive diameter, 80 grit, disc abrasive form, manufactured by Mirka Abrasives Inc., Mirka brand, supplier Mirka Abrasives Inc., SKU 5B-332-080","5"" Abrasive disc with 80 grit, designed for effective material removal. Part of the Hiolit series",The Mirka 5B-332-080 is a 5-inch abrasive disc from the Hiolit series. This 80-grit abrasive is manufactured by Mirka Abrasives Inc. for professional sanding and surface preparation applications,"['5 Inch Diameter', '80 Grit', 'Hiolit Series', 'Disc Form Factor', 'Mirka Abrasives Inc. Manufacturing']",,"['Surface preparation', 'Material removal']",79.9,needs_review,80.0,,Hiolit,,,5.0,in,,,,,,,,,,,,,,,,,,,,,,,,,,,,,,,,,,
5B-332-120,abrasive_product,"5B-332-120 HIOLIT 5"" P120",Mirka Abrasives Inc,,Disc,,,,,Mirka,Mirka Abrasives Inc,,,,,,Abrasive Disc,"Mirka, 5B-332-120 HIOLIT 5"" P120, HIOLIT Series, Part Number: 5B-332-120",MIRKA HIOLIT DISC 5IN P120 5B-332-120,"Mirka HIOLIT 5B-332-120, 5"" P120 Abrasive Disc. 5"" diameter, 120 grit, HIOLIT series, disc form","Mirka 5B-332-120 abrasive disc, HIOLIT series, 5 inch diameter, 120 grit, abrasive product category, manufactured by Mirka Abrasives Inc",5-inch abrasive sanding disc in P120 grit. Designed for use as part of the HIOLIT series,The Mirka 5B-332-120 is a 5-inch abrasive disc from the HIOLIT series. This product features a 120 grit specification for targeted abrasive applications,"['5 Inch Diameter', '120 Grit', 'HIOLIT Series', 'Disc Abrasive Form', 'Mirka Abrasives Inc Manufacturer']",,"['Surface preparation', 'Sanding applications']",77.9,needs_review,120.0,,HIOLIT,,,5.0,in,,,,,,,,,,,,,,,,,,,,,,,,,,,,,,,,,,
9A-570-240,abrasive_product,9A-570-240 Abranet 2.75x30,Mirka Abrasives Inc,,Mesh,2.75,in,30.0,in,Mirka,Mirka Abrasives Inc,,,,,,Abrasive Sheet,"Mirka, 9A-570-240 Abranet 2.75x30, Abranet, 9A-570-240",MIRKA ABRANET 240 GRIT 2.75X30 MESH,"Mirka Abranet 9A-570-240, 9A-570-240 Abranet 2.75x30, 240 Grit, Mesh Abrasive, 2.75 in x 30 in, Hook & Loop Attachment","Mirka 9A-570-240 Abranet 2.75x30, abrasive_product, Mesh abrasive form, 2.75 in width, 30 in length, 240 grit, Abranet series, Hook & Loop attachment type, manufactured by Mirka Abrasives Inc","240 Grit mesh abrasive sheet, 2.75 in x 30 in, featuring a hook and loop attachment system for secure mounting",The Mirka 9A-570-240 Abranet abrasive utilizes a mesh construction to provide consistent material removal. This 2.75 inch by 30 inch sheet features a 240 grit rating and is designed with a hook and loop attachment for compatibility with standard sanding equipment,"['240 Grit Rating', 'Mesh Abrasive Form', '2.75 Inch Width', '30 Inch Length', 'Hook & Loop Attachment', 'Abranet Series']",,"['Surface Preparation', 'Sanding Applications']",75.6,needs_review,240.0,Hook & Loop,Abranet,,,,,With Hook & Loop Attachment,,,,,,,,,,,,,,,,,,,,,,,,,,,,,,,,,
9A-570-320,abrasive_product,9A-570-320 Abranet 2.75x30,Mirka Abrasives Inc,,Mesh,2.75,in,30.0,in,Mirka,Mirka Abrasives Inc,,,,,,Abrasive Mesh,"Mirka, 9A-570-320 Abranet 2.75x30, Abranet, 9A-570-320",MIRKA ABRANET MESH 2.75X30 320 GRIT,"Mirka Abranet 9A-570-320, 9A-570-320 Abranet 2.75x30, Mesh abrasive, 2.75 in width, 30 in length, 320 grit","Mirka Abranet 9A-570-320, 9A-570-320 Abranet 2.75x30, abrasive_product, Mesh abrasive form, 2.75 in width, 30 in length, Mirka brand, Mirka Abrasives Inc manufacturer, 320 grit, Abranet series",Mesh abrasive sheet measuring 2.75 in by 30 in with a 320 grit rating. Designed for use as an abrasive product,The Mirka Abranet 9A-570-320 is a mesh abrasive product designed for consistent surface finishing. This 2.75 in x 30 in sheet features a 320 grit specification to support precise material removal and surface preparation requirements,"['Mesh Abrasive Form', '2.75 In Width', '30 In Length', '320 Grit Rating', 'Abranet Series']",,"['Surface preparation', 'Material removal', 'Abrasive finishing']",75.7,needs_review,320.0,Hook & Loop,Abranet,,,,,,,,,,,,,,,,,,,,,,,,,,,,,,,,,,,,,,
DBD090094101F,abrasive_product,"DBD090094101F Diablo 9"" - Metal Cut-Off Disc",Freud Inc,,Disc,,,,,Diablo,Freud Inc,,,,,,Cut-Off Disc,"Freud Inc, Diablo 9"" Metal Cut-Off Disc, DBD090094101F",DIABLO 9IN METAL CUT-OFF DISC DBD090094101F,"Diablo DBD090094101F, 9"" Metal Cut-Off Disc, abrasive disc, 9 inch diameter, metal cutting application","Manufacturer: Freud Inc, Brand: Diablo, Part Number: DBD090094101F, Product Name: DBD090094101F Diablo 9"" - Metal Cut-Off Disc, Category: abrasive_product, Abrasive Form: Disc, Diameter: 9 in",9-inch metal cut-off disc designed for abrasive cutting applications. Features a disc form factor for use with compatible power tools,The Diablo DBD090094101F is a 9-inch abrasive cut-off disc manufactured by Freud Inc. This disc is engineered for metal cutting applications and is designed to be used as a standard abrasive consumable,"['9 Inch Diameter', 'Metal Cutting Application', 'Disc Abrasive Form', 'Diablo Brand', 'Freud Inc Manufacture']",,['Metal cutting'],73.6,needs_review,,Arbor,,,,9.0,in,,,,,,,,,,,,,,,,,,,,,,,,,,,,,,,,,,
DBDS12125A01F,abrasive_product,"DBDS12125A01F Diablo 12"" - Steel Demon Metal Cut-Off Disc",Freud Inc,,Disc,,,,,Diablo,Freud Inc,,,,,,Cut-Off Disc,"Freud Inc Diablo, Diablo 12"" - Steel Demon Metal Cut-Off Disc, Steel Demon, DBDS12125A01F",DIABLO 12IN STEEL DEMON CUT-OFF DISC,"Diablo Steel Demon DBDS12125A01F, Diablo 12"" - Steel Demon Metal Cut-Off Disc, 12 in diameter, abrasive disc, abrasive product","Diablo Steel Demon DBDS12125A01F, Diablo 12"" - Steel Demon Metal Cut-Off Disc, Freud Inc manufacturer, Freud Inc supplier, abrasive_product category, disc abrasive form, 12 in abrasive diameter",12-inch metal cut-off disc designed for industrial abrasive applications. Features a specialized disc form for efficient material cutting,The Diablo Steel Demon DBDS12125A01F is a 12-inch abrasive cut-off disc manufactured by Freud Inc. This abrasive product is engineered in a disc form to provide consistent performance for metal cutting applications,"['12 Inch Diameter', 'Steel Demon Series', 'Disc Abrasive Form', 'Abrasive Product Category', 'Freud Inc Manufacturing']",,"['Metal Cutting', 'Industrial Abrasive Applications']",79.5,needs_review,,Arbor,Steel Demon,,,12.0,in,,,,,,,,,,,,,,,,,,,,,,,,,,,,,,,,,,
DBDS12125G01F,abrasive_product,"DBDS12125G01F Diablo 12""x20mm - Speed Demon Metal Cut-Off Disc",Freud Inc,,Disc,,,,,Diablo,Freud Inc,,,,,EA,Metal Cut-Off Disc,"Diablo, Speed Demon Metal Cut-Off Disc, Speed Demon, DBDS12125G01F",DIABLO 12IN METAL CUT-OFF DISC DBDS12125G01F,"Diablo Speed Demon DBDS12125G01F Metal Cut-Off Disc, 12 in Diameter, 0.7874 in Thickness, Arbor Attachment","Diablo Speed Demon metal cut-off disc, part number DBDS12125G01F, manufactured by Freud Inc, abrasive form disc, 12 in diameter, 0.7874 in disc thickness, arbor attachment type","Metal cut-off disc featuring a 12-inch diameter and 0.7874-inch thickness, designed for arbor attachment applications",The Diablo Speed Demon metal cut-off disc is an abrasive product engineered for metal cutting applications. This 12-inch disc features a 0.7874-inch thickness and is designed for use with an arbor attachment system,"['12 Inch Diameter', '0.7874 Inch Disc Thickness', 'Arbor Attachment Type', 'Speed Demon Series', 'Abrasive Disc Form']",,['Metal Cutting'],73.1,needs_review,,Arbor,Speed Demon,,,12.0,in,,0.7874,in,0.787402,in,,,,,,,,,,,,,,,,,,,,,,,,,,,,,
DBDS14125A01F,abrasive_product,"DBDS14125A01F Diablo 14""x1"" - Steel Demon Metal Cut-Off Disc",Freud Inc,,Disc,,,,,Diablo,Freud Inc,,,,,EA,Cut-Off Disc,"Freud Inc, Diablo Steel Demon Metal Cut-Off Disc, DBDS14125A01F",DIABLO 14IN METAL CUT-OFF DISC 1IN ARBOR,"Diablo Steel Demon DBDS14125A01F Cut-Off Disc, 14 in diameter, 1 in disc thickness, 1 in arbor size, abrasive disc","Diablo Steel Demon Metal Cut-Off Disc, part number DBDS14125A01F, manufactured by Freud Inc, abrasive product, disc form, 14 in diameter, 1 in disc thickness, 1 in arbor size, arbor attachment",14-inch metal cut-off disc featuring a 1-inch arbor. Designed for abrasive metal cutting applications,The Diablo Steel Demon metal cut-off disc is an abrasive disc engineered for metal cutting tasks. This 14-inch diameter disc features a 1-inch arbor size and a 1-inch disc thickness to meet specific industrial cutting requirements,"['14 Inch Diameter', '1 Inch Disc Thickness', '1 Inch Arbor Size', 'Arbor Attachment Type', 'Abrasive Disc Form']",,"['Metal cutting', 'Abrasive cutting']",75.2,needs_review,,Arbor,Steel Demon,,,14.0,in,,1.0,in,1.0,in,,,,,,,,,,,,,,,,,,,,,,,,,,,,,
DBDS14125G01F,abrasive_product,"DBDS14125G01F Diablo 14""x20mm - Steel Demon Metal Cut-Off Disc",Freud Inc,,Disc,,,,,Diablo,Freud Inc,,,,,EA,Metal Cut-Off Disc,"Freud Inc, Diablo Steel Demon Metal Cut-Off Disc, DBDS14125G01F",DIABLO 14IN METAL CUT-OFF DISC DBDS14125G01F,"Diablo Steel Demon DBDS14125G01F Metal Cut-Off Disc, 14 in Diameter, 0.7874 in Disc Thickness, 0.787402 in Arbor Size, Arbor Attachment","Diablo Steel Demon Metal Cut-Off Disc, DBDS14125G01F, Freud Inc, abrasive_product, Disc, 14 in diameter, 0.7874 in disc thickness, 0.787402 in arbor size, Arbor attachment",14-inch metal cut-off disc designed for arbor attachment. Features a 0.7874-inch disc thickness and a 0.787402-inch arbor size,The Diablo Steel Demon Metal Cut-Off Disc is an abrasive disc engineered for metal cutting applications. This 14-inch diameter disc utilizes an arbor attachment system with a 0.787402-inch arbor size and a 0.7874-inch disc thickness,"['14 Inch Diameter', '0.7874 Inch Disc Thickness', '0.787402 Inch Arbor Size', 'Arbor Attachment Type', 'Steel Demon Series']",,['Metal cutting'],74.2,needs_review,,Arbor,Steel Demon,,,14.0,in,,0.7874,in,0.787402,in,,,,,,,,,,,,,,,,,,,,,,,,,,,,,
49-94-0013,abrasive_product,"49-94-0013 Milw 5""x.045""x7/8"" Metal Cut Off Disc",Milwaukee Accessory,,Disc,,,,,3 M,Milwaukee Accessory,,,,,EA,Cut Off Disc,"3 M, 49-94-0013 Milw 5""x.045""x7/8"" Metal Cut Off Disc, 49-94-0013",3M 49-94-0013 5IN X 0.045IN CUT OFF DISC,"3 M 49-94-0013 Metal Cut Off Disc, 5 in diameter, 0.045 in thickness, 0.875 in arbor size, arbor attachment","3 M 49-94-0013 Metal Cut Off Disc, abrasive product, disc form, 5 in diameter, 0.045 in disc thickness, 0.875 in arbor size, arbor attachment",5-inch metal cut-off disc with 0.045-inch thickness and 7/8-inch arbor mount for precision cutting applications,The 3 M 49-94-0013 is a 5-inch abrasive cut-off disc designed for metal cutting applications. This disc features a 0.045-inch thickness and utilizes a 0.875-inch arbor attachment for secure mounting,"['5 Inch Diameter', '0.045 Inch Disc Thickness', '0.875 Inch Arbor Size', 'Arbor Attachment Type', 'Disc Abrasive Form']",,['Metal Cutting'],71.3,needs_review,,Arbor,,,,5.0,in,,0.045,in,0.875,in,,,,,,,,,,,,,,,,,,,,,,,,,,,,,
49-94-0029,abrasive_product,"49-94-0029 Milw 6-1/2""x1/8""x5/8"" DKO Metal Cut Off Disc",Milwaukee Accessory,1.0,Disc,,,,,Milwaukee,Milwaukee Accessory,,,,,EA,Cut Off Disc,"Milwaukee, 6-1/2""x1/8""x5/8"" DKO Metal Cut Off Disc, 49-94-0029",MILW 6-1/2X1/8X5/8 METAL CUT OFF DISC,"Milwaukee 49-94-0029, 6-1/2""x1/8""x5/8"" DKO Metal Cut Off Disc, 6.5 in diameter, 0.125 in thickness, 0.625 in arbor size, arbor attachment","Milwaukee 49-94-0029, 6-1/2""x1/8""x5/8"" DKO Metal Cut Off Disc, abrasive product, disc form, 6.5 in diameter, 0.125 in disc thickness, 0.625 in arbor size, arbor attachment type",6-1/2 inch metal cut off disc with 0.125 inch thickness and 5/8 inch arbor mount for abrasive cutting applications,The Milwaukee 49-94-0029 is a 6-1/2 inch abrasive cut off disc designed for metal cutting applications. This disc features a 0.125 inch thickness and a 0.625 inch arbor attachment for secure mounting,"['6.5 Inch Diameter', '0.125 Inch Disc Thickness', '0.625 Inch Arbor Size', 'Arbor Attachment Type', 'Metal Cutting Application']",,['Metal cutting'],72.0,needs_review,,Arbor,,,,6.5,in,,0.125,in,0.625,in,,,,,,,,,,,,,,,,,,,,,,,,,,,,,
49-94-0033,abrasive_product,"49-94-0033 Milw 7""x1/16""x7/8"" Metal Cut Off Disc",Milwaukee Accessory,,Disc,,,,,3 M,Milwaukee Accessory,,,,,,Cut Off Disc,"3 M, 49-94-0033 Milw 7""x1/16""x7/8"" Metal Cut Off Disc, 49-94-0033",3M 49-94-0033 7IN X 1/16IN X 7/8IN DISC,"3 M 49-94-0033 Milw 7""x1/16""x7/8"" Metal Cut Off Disc, 7 in diameter, 0.0625 in thickness, 0.875 in arbor size, abrasive disc","3 M 49-94-0033 Milw 7""x1/16""x7/8"" Metal Cut Off Disc, Milwaukee Accessory manufacturer, 49-94-0033 part number, abrasive_product category, disc abrasive form, 7 in diameter, 0.0625 in disc thickness, 0.875 in arbor size","Metal cut off disc featuring a 7-inch diameter, 0.0625-inch thickness, and 0.875-inch arbor size for abrasive cutting applications","The 3 M 49-94-0033 metal cut off disc is designed for abrasive cutting tasks. This disc features a 7-inch diameter, a 0.0625-inch thickness, and an 0.875-inch arbor size","['7 Inch Diameter', '0.0625 Inch Disc Thickness', '0.875 Inch Arbor Size', 'Abrasive Disc Form', 'Metal Cutting Application']",,['Metal cutting'],71.8,needs_review,,Arbor,,,,7.0,in,,0.0625,in,0.875,in,,,,,,,,,,,,,,,,,,,,,,,,,,,,,
49-94-0001,abrasive_product,"49-94-0001 Milw 4""x.040""x5/8"" Metal Cut Off Disc",Milwaukee Accessory,,Disc,,,,,Milwaukee,Milwaukee Accessory,,,,,EA,Cut Off Disc,"Milwaukee, 4""x.040""x5/8"" Metal Cut Off Disc, 49-94-0001",MILW 4IN X 0.04IN X 5/8IN CUT OFF DISC,"Milwaukee 49-94-0001 Metal Cut Off Disc, 4 in diameter, 0.04 in thickness, 0.625 in arbor size","Milwaukee 49-94-0001 Metal Cut Off Disc, abrasive form: disc, diameter: 4 in, disc thickness: 0.04 in, arbor size: 0.625 in, selling UOM: EA",4-inch metal cut-off disc with 0.04-inch thickness and 5/8-inch arbor size for precision cutting applications,"The Milwaukee 49-94-0001 is a 4-inch abrasive disc designed for metal cutting applications. Featuring a 0.04-inch thickness and a 0.625-inch arbor size, this disc is engineered for specific compatibility with standard equipment requiring these dimensions","['4 Inch Diameter', '0.04 Inch Disc Thickness', '0.625 Inch Arbor Size', 'Disc Abrasive Form', 'Metal Cutting Application']",,['Metal cutting'],74.5,needs_review,,Arbor,,,,4.0,in,,0.04,in,0.625,in,,,,,,,,,,,,,,,,,,,,,,,,,,,,,
49-94-0039,abrasive_product,"49-94-0039 Milw 7""x1/8""x5/8"" DKO Metal Cut Off Disc",Milwaukee Accessory,,Disc,,,,,Milwaukee,Milwaukee Accessory,,,,,EA,Cut Off Disc,"Milwaukee, 49-94-0039 Milw 7""x1/8""x5/8"" DKO Metal Cut Off Disc, 49-94-0039",MILWAUKEE 7IN X 1/8IN X 5/8IN CUT OFF DISC,"Milwaukee 49-94-0039, 7""x1/8""x5/8"" DKO Metal Cut Off Disc, 7 in Diameter, 0.125 in Thickness, 0.625 in Arbor Size, Abrasive Disc","Milwaukee 49-94-0039, 49-94-0039 Milw 7""x1/8""x5/8"" DKO Metal Cut Off Disc, Milwaukee Accessory manufacturer, abrasive_product category, Disc abrasive form, 7 in diameter, 0.125 in disc thickness, 0.625 in arbor size",7-inch metal cut-off disc with 0.125-inch thickness and 0.625-inch arbor size for abrasive cutting applications,"This Milwaukee abrasive disc is designed for metal cutting applications. The disc features a 7-inch diameter, a 0.125-inch thickness, and a 0.625-inch arbor size","['7 Inch Diameter', '0.125 Inch Disc Thickness', '0.625 Inch Arbor Size', 'Abrasive Disc Form', 'Metal Cutting Application']",,['Metal Cutting'],72.6,needs_review,,Arbor,,,,7.0,in,,0.125,in,0.625,in,,,,,,,,,,,,,,,,,,,,,,,,,,,,,
49-94-0043,abrasive_product,"49-94-0043 Milw 9""x3/32""x7/8"" Metal Cut Off Disc",Milwaukee Accessory,,Disc,,,,,3 M,Milwaukee Accessory,,,,,EA,Cut Off Disc,"3 M, 49-94-0043 Milw 9""x3/32""x7/8"" Metal Cut Off Disc, 49-94-0043",3M 49-94-0043 9IN METAL CUT OFF DISC,"3 M 49-94-0043 Metal Cut Off Disc, 9 in Diameter, 0.0938 in Thickness, 0.875 in Arbor Size, Abrasive Disc","3 M 49-94-0043 Metal Cut Off Disc, Milwaukee Accessory manufacturer, 9 in diameter, 0.0938 in disc thickness, 0.875 in arbor size, abrasive product form, disc shape, sold as 1 EA",Metal cut off disc measuring 9 inches in diameter with a 0.0938 inch thickness and a 0.875 inch arbor size,"This 3 M abrasive disc is designed for metal cutting applications. It features a 9 inch diameter, a 0.0938 inch thickness, and a 0.875 inch arbor size","['9 Inch Diameter', '0.0938 Inch Disc Thickness', '0.875 Inch Arbor Size', 'Abrasive Disc Form', 'Metal Cutting Application']",,['Metal cutting'],70.5,needs_review,,Arbor,,,,9.0,in,,0.0938,in,0.875,in,,,,,,,,,,,,,,,,,,,,,,,,,,,,,
49-94-0048,abrasive_product,"49-94-0048 Milw 12""x7/64""x1"" Metal Cut Off Disc General Purpose",Milwaukee Accessory,,Disc,,,,,Milwaukee,Milwaukee Accessory,,,,,EA,Cut Off Disc,"Milwaukee, 49-94-0048 Metal Cut Off Disc, 49-94-0048",MILW 12IN METAL CUT OFF DISC 1IN ARBOR,"Milwaukee 49-94-0048 Metal Cut Off Disc, 12 in diameter, 0.1094 in thickness, 1 in arbor size, disc abrasive form","Milwaukee 49-94-0048 metal cut off disc, abrasive product category, disc abrasive form, 12 in diameter, 0.1094 in disc thickness, 1 in arbor size, arbor attachment type, metal material",12-inch metal cut-off disc with 1-inch arbor. General purpose abrasive disc for metal cutting applications,"This Milwaukee general purpose cut-off disc is designed for metal cutting applications. Featuring a 12-inch diameter and a 1-inch arbor attachment, this abrasive disc is engineered for compatibility with standard arbor-mount tools","['12 Inch Diameter', '0.1094 Inch Disc Thickness', '1 Inch Arbor Size', 'Metal Cutting Material', 'Arbor Attachment Type', 'General Purpose Design']",,"['Metal cutting', 'General purpose industrial applications']",74.3,needs_review,,Arbor,,,,12.0,in,,0.1094,in,1.0,in,Metal,,,,,,,,,,,,,,,,,,,,,,,,,,,,
49-94-0053,abrasive_product,"49-94-0053 Milw 12""x1/8""x1"" Metal Cut Off Disc",Milwaukee Accessory,,Disc,,,,,3 M,Milwaukee Accessory,,,,,EA,Cut Off Disc,"3 M, 49-94-0053 Milw 12""x1/8""x1"" Metal Cut Off Disc, 49-94-0053",3M 49-94-0053 12IN METAL CUT OFF DISC,"3 M 49-94-0053 Milw 12""x1/8""x1"" Metal Cut Off Disc, 12 in diameter, 0.125 in thickness, 1 in arbor, arbor attachment, metal material","3 M 49-94-0053 Milw 12""x1/8""x1"" Metal Cut Off Disc, Milwaukee Accessory manufacturer, 12 in diameter, 0.125 in disc thickness, 1 in arbor size, arbor attachment type, metal material, abrasive product category",12-inch metal cut-off disc with 1-inch arbor. Features a 0.125-inch thickness for metal cutting applications,The 3 M 49-94-0053 is a 12-inch abrasive cut-off disc designed for metal applications. This disc features a 0.125-inch thickness and utilizes a 1-inch arbor attachment for secure mounting,"['12 Inch Diameter', '0.125 Inch Disc Thickness', '1 Inch Arbor Size', 'Arbor Attachment Type', 'Metal Cutting Material']",,"['Metal Cutting', 'Industrial Fabrication']",72.9,needs_review,,Arbor,,,,12.0,in,,0.125,in,1.0,in,Metal,,,,,,,,,,,,,,,,,,,,,,,,,,,,
49-94-0058,abrasive_product,"49-94-0058 Milw 12""x1/8""x20mm Metal Cut Off Disc",Milwaukee Accessory,,Disc,,,,,Milwaukee,Milwaukee Accessory,,,,,EA,Cut Off Disc,"Milwaukee, 49-94-0058 Milw 12""x1/8""x20mm Metal Cut Off Disc, 49-94-0058",MILW 12IN X 1/8IN X 20MM METAL CUT DISC,"Milwaukee 49-94-0058 Milw 12""x1/8""x20mm Metal Cut Off Disc, 12 in Diameter, 0.125 in Thickness, 0.7874 in Arbor Size","Milwaukee 49-94-0058 Milw 12""x1/8""x20mm Metal Cut Off Disc, abrasive_product, Disc, 12 in diameter, 0.125 in disc thickness, 0.7874 in arbor size, Milwaukee brand, Milwaukee Accessory manufacturer",12-inch metal cut off disc with 0.125-inch thickness and 0.7874-inch arbor size,The Milwaukee 49-94-0058 is an abrasive cut off disc designed for metal cutting applications. This 12-inch disc features a 0.125-inch thickness and a 0.7874-inch arbor size,"['12 Inch Diameter', '0.125 Inch Disc Thickness', '0.7874 Inch Arbor Size', 'Abrasive Disc Form', 'Metal Cutting Application']",,['Metal cutting'],79.3,needs_review,,Arbor,,,,12.0,in,,0.125,in,0.7874,in,Metal,,,,,,,,,,,,,,,,,,,,,,,,,,,,
49-94-0063,abrasive_product,"49-94-0063 Milw 14""x7/64""x1"" Metal Cut Off Disc General Purpose",Milwaukee Accessory,,Disc,,,,,3 M,Milwaukee Accessory,,,,,,Cut Off Disc,"3 M, 49-94-0063 Milw 14""x7/64""x1"" Metal Cut Off Disc General Purpose, 49-94-0063",3M 49-94-0063 14IN METAL CUT OFF DISC,"3 M 49-94-0063 Milw 14""x7/64""x1"" Metal Cut Off Disc General Purpose, 14 in Diameter, 0.1094 in Thickness, 1 in Arbor Size","3 M 49-94-0063 Milw 14""x7/64""x1"" Metal Cut Off Disc General Purpose, abrasive_product, Disc, 14 in diameter, 0.1094 in disc thickness, 1 in arbor size, Milwaukee Accessory manufacturer",14-inch metal cut-off disc with 1-inch arbor size and 0.1094-inch thickness for general purpose cutting applications,"This 3 M general purpose cut-off disc is designed for metal cutting applications. The abrasive disc features a 14-inch diameter, a 0.1094-inch thickness, and a 1-inch arbor size","['14 Inch Diameter', '0.1094 Inch Disc Thickness', '1 Inch Arbor Size', 'General Purpose Design', 'Metal Cutting Application']",,['Metal Cutting'],72.2,needs_review,,Arbor,,,,14.0,in,,0.1094,in,1.0,in,Metal,,,,,,,,,,,,,,,,,,,,,,,,,,,,
49-94-0068,abrasive_product,"49-94-0068 Milw 14""x1/8""x20mm Metal Cut Off Disc",Milwaukee Accessory,1.0,Disc,,,,,Milwaukee,Milwaukee Accessory,,,,,EA,Cut Off Disc,"Milwaukee, 49-94-0068 14""x1/8""x20mm Metal Cut Off Disc, 49-94-0068",MILWAUKEE 14IN METAL CUT OFF DISC 49-94-0068,"Milwaukee 49-94-0068 14""x1/8""x20mm Metal Cut Off Disc, 14 in diameter, 0.125 in thickness, 0.7874 in arbor size, arbor attachment","Milwaukee 49-94-0068 14""x1/8""x20mm Metal Cut Off Disc, abrasive form disc, 14 in diameter, 0.125 in disc thickness, 0.7874 in arbor size, arbor attachment type, abrasive product category",14-inch metal cut off disc with 0.125-inch thickness and 0.7874-inch arbor mount for abrasive cutting applications,The Milwaukee 49-94-0068 is a 14-inch abrasive disc designed for metal cutting applications. This disc features a 0.125-inch thickness and utilizes a 0.7874-inch arbor attachment for secure mounting,"['14 Inch Diameter', '0.125 Inch Disc Thickness', '0.7874 Inch Arbor Size', 'Arbor Attachment Type', 'Disc Abrasive Form']",,"['Metal cutting', 'Abrasive grinding']",78.6,needs_review,,Arbor,,,,14.0,in,,0.125,in,0.7874,in,,,,,,,,,,,,,,,,,,,,,,,,,,,,,
49-94-0073,abrasive_product,"49-94-0073 Milw 14""x1/8""x1"" Metal Cut Off Disc",Milwaukee Accessory,,Disc,,,,,3 M,Milwaukee Accessory,,,,,EA,Cut Off Disc,"3 M, 49-94-0073 Milw 14""x1/8""x1"" Metal Cut Off Disc, 49-94-0073",3M 49-94-0073 14IN X 1/8IN METAL DISC,"3 M 49-94-0073, 49-94-0073 Milw 14""x1/8""x1"" Metal Cut Off Disc, 14 in diameter, 0.125 in thickness, 1 in arbor size, abrasive disc","3 M 49-94-0073, 49-94-0073 Milw 14""x1/8""x1"" Metal Cut Off Disc, Milwaukee Accessory manufacturer, abrasive_product category, disc abrasive form, 14 in diameter, 0.125 in disc thickness, 1 in arbor size",14-inch metal cut-off disc with 1/8-inch thickness and 1-inch arbor size for abrasive cutting applications,"The 3 M 49-94-0073 is a 14-inch abrasive cut-off disc designed for metal cutting applications. This disc features a 0.125-inch thickness and a 1-inch arbor size, manufactured by Milwaukee Accessory","['14 Inch Diameter', '0.125 Inch Disc Thickness', '1 Inch Arbor Size', 'Abrasive Disc Form', 'Metal Cutting Application']",,['Metal cutting'],72.6,needs_review,,Arbor,,,,14.0,in,,0.125,in,1.0,in,Metal,,,,,,,,,,,,,,,,,,,,,,,,,,,,
49-94-0101,abrasive_product,"49-94-0101 Milw 4-1/2""x.045""x7/8"" Perform+ Metal Cut Off Disc 10pc",Milwaukee Accessory,10.0,Disc,,,,,Milwaukee,Milwaukee Accessory,,,,,PK,Cut Off Disc,"Milwaukee, 4-1/2""x.045""x7/8"" Perform+ Metal Cut Off Disc, Perform+, 49-94-0101",MILWAUKEE 4-1/2IN METAL CUT OFF DISC 10PK,"Milwaukee Perform+ 49-94-0101 Metal Cut Off Disc, 4.5 in diameter, 0.045 in thickness, 0.875 in arbor, 10 pack","Milwaukee 49-94-0101 Perform+ metal cut off disc, abrasive form: disc, diameter: 4.5 in, disc thickness: 0.045 in, arbor size: 0.875 in, attachment type: arbor, pack quantity: 10",4-1/2 inch metal cut off disc with 0.875 inch arbor. 0.045 inch thickness for precise metal cutting. Includes 10 discs per pack,The Milwaukee 49-94-0101 Perform+ metal cut off disc is designed for metal cutting applications. This 4.5-inch diameter disc features a 0.045-inch thickness and a 0.875-inch arbor for secure attachment to compatible tools. Each package contains 10 discs,"['4.5 Inch Diameter', '0.045 Inch Disc Thickness', '0.875 Inch Arbor Size', 'Perform+ Series', '10 Pack Quantity', 'Arbor Attachment Type', 'Metal Cutting Application']",10 Discs,['Metal cutting'],78.6,needs_review,,Arbor,Perform+,,,4.5,in,,0.045,in,0.875,in,,,,,,,,,,,,,,,,,,,,,,,,,,,,,
49-94-0107,abrasive_product,"49-94-0107 Milw 4-1/2""x.045""x7/8"" Performance+ Metal Cut Off Disc",Milwaukee Accessory,1.0,Disc,,,,,Milwaukee,Milwaukee Accessory,,,,,EA,Cut Off Disc,"Milwaukee, 4-1/2""x.045""x7/8"" Performance+ Metal Cut Off Disc, Performance+, 49-94-0107",MILW 4-1/2IN X .045IN X 7/8IN CUT OFF DISC,"Milwaukee Performance+ 49-94-0107 Metal Cut Off Disc, 4.5 in diameter, 0.045 in thickness, 0.875 in arbor size, disc form, arbor attachment","Milwaukee Performance+ 49-94-0107 metal cut off disc, abrasive product category, disc abrasive form, 4.5 in diameter, 0.045 in disc thickness, 0.875 in arbor size, arbor attachment type","Metal cut off disc featuring a 4.5 inch diameter, 0.045 inch thickness, and 0.875 inch arbor size for use with compatible arbor-mount tools","The Milwaukee Performance+ metal cut off disc is engineered for precision cutting applications. This 4.5-inch diameter disc features a 0.045-inch thickness and a 0.875-inch arbor, designed for secure attachment to compatible power tools","['4.5 Inch Diameter', '0.045 Inch Disc Thickness', '0.875 Inch Arbor Size', 'Performance+ Series', 'Arbor Attachment Type', 'Disc Abrasive Form']",,"['Metal cutting', 'Abrasive grinding applications']",80.1,needs_review,,Arbor,Performance+,,,4.5,in,,0.045,in,0.875,in,,,,,,,,,,,,,,,,,,,,,,,,,,,,,
49-94-0117,abrasive_product,"49-94-0117 Milw 5""x.045""x7/8"" Performance+ Metal Cut Off Disc",Milwaukee Accessory,1.0,Disc,,,,,Milwaukee,Milwaukee Accessory,,,,,EA,Cut Off Disc,"Milwaukee, 5""x.045""x7/8"" Performance+ Metal Cut Off Disc, Performance+, 49-94-0117",MILW 5IN X 0.045IN X 7/8IN CUT OFF DISC,"Milwaukee 49-94-0117 Performance+ Metal Cut Off Disc, 5 in diameter, 0.045 in thickness, 0.875 in arbor size, disc form, arbor attachment","Milwaukee 49-94-0117 Performance+ Metal Cut Off Disc, abrasive product, disc form, 5 in diameter, 0.045 in disc thickness, 0.875 in arbor size, arbor attachment",5-inch metal cut off disc with a 0.045-inch thickness and 7/8-inch arbor mount for industrial abrasive applications,The Milwaukee 49-94-0117 Performance+ metal cut off disc is engineered for precision cutting applications. This 5-inch abrasive disc features a 0.045-inch thickness and a 0.875-inch arbor attachment for secure mounting,"['5 Inch Diameter', '0.045 Inch Disc Thickness', '0.875 Inch Arbor Size', 'Disc Abrasive Form', 'Arbor Attachment Type']",,"['Metal cutting', 'Abrasive grinding']",78.0,needs_review,,Arbor,Performance+,,,5.0,in,,0.045,in,0.875,in,,,,,,,,,,,,,,,,,,,,,,,,,,,,,
49-94-0123,abrasive_product,"49-94-0123 Milw 6""x.045""x7/8"" Performance+ Metal Cut Off Disc",Milwaukee Accessory,1.0,Disc,,,,,3 M,Milwaukee Accessory,,,,,EA,Cut Off Disc,"Milwaukee Accessory, 49-94-0123 Performance+ Metal Cut Off Disc, 49-94-0123",MILWAUKEE 6IN X 0.045IN X 7/8IN DISC,"3 M Performance+ 49-94-0123 Metal Cut Off Disc, 6 in diameter, 0.045 in thickness, 0.875 in arbor size","3 M 49-94-0123 Performance+ Metal Cut Off Disc, abrasive_product category, disc abrasive form, 6 in diameter, 0.045 in disc thickness, 0.875 in arbor size, Milwaukee Accessory manufacturer",6-inch metal cut off disc with 0.045-inch thickness and 7/8-inch arbor size for precision cutting applications,The 3 M 49-94-0123 Performance+ Metal Cut Off Disc is designed for metal cutting applications. This 6-inch diameter disc features a 0.045-inch thickness and a 0.875-inch arbor size,"['6 Inch Diameter', '0.045 Inch Disc Thickness', '0.875 Inch Arbor Size', 'Performance+ Series', 'Metal Cutting Application']",,['Metal cutting'],72.5,needs_review,,Arbor,Performance+,,,6.0,in,,0.045,in,0.875,in,,,,,,,,,,,,,,,,,,,,,,,,,,,,,
49-94-0023,abrasive_product,"49-94-0023 Milw 6""x.045""x7/8"" Metal Cut Off Disc",Milwaukee Accessory,1.0,Disc,,,,,3 M,Milwaukee Accessory,,,,,EA,Cut Off Disc,"3 M, 49-94-0023 Milw 6""x.045""x7/8"" Metal Cut Off Disc, 49-94-0023",3M 49-94-0023 6IN X 0.045IN X 7/8IN DISC,"3 M 49-94-0023, 49-94-0023 Milw 6""x.045""x7/8"" Metal Cut Off Disc, 6 in Diameter, 0.045 in Thickness, 0.875 in Arbor Size","3 M 49-94-0023, 49-94-0023 Milw 6""x.045""x7/8"" Metal Cut Off Disc, Milwaukee Accessory manufacturer, abrasive_product category, Disc abrasive form, 6 in diameter, 0.045 in disc thickness, 0.875 in arbor size",6-inch metal cut-off disc with a 0.045-inch thickness and 7/8-inch arbor size for abrasive cutting applications,This 6-inch abrasive cut-off disc is designed for metal cutting applications. It features a 0.045-inch disc thickness and a 0.875-inch arbor size to fit compatible equipment,"['6 Inch Diameter', '0.045 Inch Disc Thickness', '0.875 Inch Arbor Size', 'Disc Abrasive Form', 'Metal Cutting Application']",,['Metal Cutting'],72.0,needs_review,,Arbor,,,,6.0,in,,0.045,in,0.875,in,,,,,,,,,,,,,,,,,,,,,,,,,,,,,
49-94-0121,abrasive_product,"49-94-0121 Milw 6""x.045""x7/8"" Performance+ Metal Cut Off Disc 10pc",Milwaukee Accessory,10.0,Disc,,,,,Milwaukee,Milwaukee Accessory,,,,,PK,Cut Off Disc,"Milwaukee, 49-94-0121 Performance+ Metal Cut Off Disc, 49-94-0121",MILW 6IN X 0.045IN X 7/8IN CUT OFF DISC 10PK,"Milwaukee 49-94-0121 Performance+ Metal Cut Off Disc, 6 in diameter, 0.045 in thickness, 7/8 in arbor, 10 pack","Milwaukee 49-94-0121 Performance+ Metal Cut Off Disc, abrasive form: disc, diameter: 6 in, disc thickness: 0.045 in, arbor size: 0.875 in, attachment type: arbor, pack quantity: 10",6 inch metal cut off disc with 0.045 inch thickness and 7/8 inch arbor. Pack of 10,"The Milwaukee 49-94-0121 Performance+ Metal Cut Off Disc is designed for metal cutting applications. This 6-inch disc features a 0.045-inch thickness and a 7/8-inch arbor attachment, supplied in a pack of 10","['6 Inch Diameter', '0.045 Inch Disc Thickness', '7/8 Inch Arbor Size', 'Arbor Attachment Type', '10 Pack Quantity']",10 Cut Off Discs,['Metal Cutting'],73.3,needs_review,,Arbor,Performance+,,,6.0,in,,0.045,in,0.875,in,,,,,,,,,,,,,,,,,,,,,,,,,,,,,
49-94-0127,abrasive_product,"49-94-0127 Milw 6""x.045""x7/8"" Performance+Metal Cut Off Disc",Milwaukee Accessory,1.0,Disc,,,,,Milwaukee,Milwaukee Accessory,,,,,EA,Cut Off Disc,"Milwaukee, 49-94-0127 Performance+ Metal Cut Off Disc, 49-94-0127",MILW 6IN X 0.045IN X 7/8IN CUT OFF DISC,"Milwaukee 49-94-0127 Performance+ Metal Cut Off Disc, 6 in diameter, 0.045 in thickness, 0.875 in arbor size, arbor attachment","Milwaukee 49-94-0127 Performance+ Metal Cut Off Disc, abrasive product, disc form, 6 in diameter, 0.045 in disc thickness, 0.875 in arbor size, arbor attachment type",6-inch metal cut off disc with 0.045-inch thickness and 7/8-inch arbor mount for precision cutting applications,The Milwaukee 49-94-0127 Performance+ Metal Cut Off Disc is a 6-inch abrasive disc designed for metal cutting applications. This disc features a 0.045-inch thickness and a 0.875-inch arbor size for secure attachment to compatible tools,"['6 Inch Diameter', '0.045 Inch Disc Thickness', '0.875 Inch Arbor Size', 'Arbor Attachment', 'Metal Cutting Application']",,"['Metal Cutting', 'Industrial Fabrication']",80.4,needs_review,,Arbor,Performance+,,,6.0,in,,0.045,in,0.875,in,,,,,,,,,,,,,,,,,,,,,,,,,,,,,
49-94-0137,abrasive_product,"49-94-0137 Milw 7""x3/32""x7/8"" Performance+ Metal Cut Off Disc",Milwaukee Accessory,,Disc,,,,,Milwaukee,Milwaukee Accessory,,,,,EA,Cut Off Disc,"Milwaukee, 49-94-0137 Milw 7""x3/32""x7/8"" Performance+ Metal Cut Off Disc, Performance+, 49-94-0137",MILW 7IN METAL CUT OFF DISC 49-94-0137,"Milwaukee Performance+ 49-94-0137 Metal Cut Off Disc, 7 in diameter, 0.0938 in thickness, 0.875 in arbor, disc form, arbor attachment","Milwaukee Performance+ 49-94-0137 Metal Cut Off Disc, abrasive product, disc form, 7 in diameter, 0.0938 in disc thickness, 0.875 in arbor size, metal material, arbor attachment",7-inch metal cut-off disc featuring a 0.0938-inch thickness and 0.875-inch arbor. Designed for metal cutting applications,The Milwaukee 49-94-0137 is a Performance+ series abrasive disc engineered for metal cutting applications. This 7-inch disc features a 0.0938-inch thickness and utilizes an arbor attachment with a 0.875-inch arbor size,"['7 Inch Diameter', '0.0938 Inch Disc Thickness', '0.875 Inch Arbor Size', 'Metal Material', 'Arbor Attachment', 'Performance+ Series']",,['Metal cutting'],80.4,needs_review,,Arbor,Performance+,,,7.0,in,,0.0938,in,0.875,in,Metal,,,,,,,,,,,,,,,,,,,,,,,,,,,,
49-94-0160,abrasive_product,"49-94-0160 Milw 14""x7/64""x1"" Performance+ Metal Cut Off Disc",Milwaukee Accessory,,Disc,,,,,Milwaukee,Milwaukee Accessory,,,,,,Cut Off Disc,"Milwaukee, 14""x7/64""x1"" Performance+ Metal Cut Off Disc, Performance+, 49-94-0160",MILW 14IN METAL CUT OFF DISC 49-94-0160,"Milwaukee Performance+ 49-94-0160 Metal Cut Off Disc, 14"" Diameter, 0.1094"" Thickness, 1"" Arbor, Disc Form","Milwaukee Performance+ 49-94-0160 metal cut off disc, abrasive product, disc form, 14 in diameter, 0.1094 in disc thickness, 1 in arbor size, arbor attachment type",14-inch metal cut off disc for arbor-style attachments. Features a 0.1094-inch thickness for metal cutting applications,The Milwaukee 49-94-0160 is a Performance+ series abrasive disc designed for metal cutting applications. This 14-inch disc features a 0.1094-inch thickness and is engineered for use with arbor-style attachment systems,"['14 Inch Diameter', '0.1094 Inch Disc Thickness', '1 Inch Arbor Size', 'Performance+ Series', 'Arbor Attachment Type', 'Metal Cutting Application']",,['Metal cutting'],72.3,needs_review,,Arbor,Performance+,,,14.0,in,,0.1094,in,1.0,in,Metal,,,,,,,,,,,,,,,,,,,,,,,,,,,,
49-94-0223,abrasive_product,"49-94-0223 Milw 6""x.045""x7/8"" Ceramic+ Metal Cut Off Disc",Milwaukee Accessory,1.0,Disc,,,,,3 M,Milwaukee Accessory,,,,,EA,Cut Off Disc,"3 M, 49-94-0223 Milw 6""x.045""x7/8"" Ceramic+ Metal Cut Off Disc, Ceramic+, 49-94-0223",3M 6IN X 0.045IN CERAMIC CUT OFF DISC,"3 M Ceramic+ 49-94-0223, 6""x.045""x7/8"" Ceramic+ Metal Cut Off Disc, 6 in diameter, 0.045 in thickness, 0.875 in arbor size, Ceramic+ mineral type","3 M 49-94-0223, Milwaukee Accessory, Ceramic+ series, 6 in abrasive diameter, 0.045 in disc thickness, 0.875 in arbor size, Ceramic+ mineral type, abrasive disc form","6-inch metal cut off disc featuring Ceramic+ mineral technology, 0.045-inch thickness, and a 7/8-inch arbor",This 6-inch cut off disc is engineered for metal cutting applications. It features Ceramic+ mineral technology and a 0.045-inch disc thickness for precise material removal,"['6 Inch Diameter', '0.045 Inch Thickness', '0.875 Inch Arbor Size', 'Ceramic+ Mineral Type', 'Disc Abrasive Form']",,['Metal Cutting'],72.2,needs_review,,Arbor,Ceramic+,Ceramic+,,6.0,in,,0.045,in,0.875,in,,,,,,,,,,,,,,,,,,,,,,,,,,,,,
49-94-0445,abrasive_product,"49-94-0445 Milw 10""x3/32""x5/8"" Performance+ Metal Cut Off Disc",Milwaukee Accessory,,Disc,,,,,Milwaukee,Milwaukee Accessory,,,,,EA,Cut Off Disc,"Milwaukee, 49-94-0445 Milw 10""x3/32""x5/8"" Performance+ Metal Cut Off Disc, Performance+, 49-94-0445",MILWAUKEE 10IN METAL CUT OFF DISC 49-94-0445,"Milwaukee Performance+ 49-94-0445 Metal Cut Off Disc, 10 in Diameter, 0.0938 in Thickness, 0.625 in Arbor Size, Arbor Attachment","Milwaukee Performance+ 49-94-0445 Metal Cut Off Disc, abrasive_product category, disc abrasive form, 10 in diameter, 0.0938 in disc thickness, 0.625 in arbor size, arbor attachment type, metal material",10-inch metal cut-off disc with 0.0938-inch thickness and 0.625-inch arbor. Designed for metal cutting applications using an arbor attachment system,The Milwaukee 49-94-0445 Performance+ cut-off disc is engineered for metal cutting applications. This 10-inch abrasive disc features a 0.0938-inch thickness and a 0.625-inch arbor size for secure attachment,"['10 Inch Diameter', '0.0938 Inch Disc Thickness', '0.625 Inch Arbor Size', 'Metal Cutting Material', 'Arbor Attachment Type', 'Performance+ Series']",,"['Metal cutting', 'Industrial fabrication']",79.9,needs_review,,Arbor,Performance+,,,10.0,in,,0.0938,in,0.625,in,Metal,,,,,,,,,,,,,,,,,,,,,,,,,,,,
49-94-0803,abrasive_product,"49-94-0803 Milw 4-1/2""x1/8""x7/8"" Dual Metal Cut and Grind Disc",Milwaukee Accessory,,Disc,,,,,3 M,Milwaukee Accessory,,,,,EA,Cut and Grind Disc,"3 M, 49-94-0803 Milw 4-1/2""x1/8""x7/8"" Dual Metal Cut and Grind Disc, 49-94-0803",3M 49-94-0803 4.5IN CUT GRIND DISC,"3 M 49-94-0803, 4-1/2""x1/8""x7/8"" Dual Metal Cut and Grind Disc, 4.5 in diameter, 0.125 in thickness, 0.875 in arbor size, arbor attachment","3 M 49-94-0803, 4-1/2""x1/8""x7/8"" Dual Metal Cut and Grind Disc, abrasive_product, disc form, 4.5 in diameter, 0.125 in disc thickness, 0.875 in arbor size, arbor attachment, Milwaukee Accessory manufacturer","Dual metal cut and grind disc featuring a 4.5 inch diameter, 0.125 inch thickness, and 0.875 inch arbor size for standard arbor attachment","The 3 M 49-94-0803 is a dual metal cut and grind disc designed for metalworking applications. This abrasive disc features a 4.5 inch diameter, a 0.125 inch thickness, and a 0.875 inch arbor size for secure arbor attachment","['4.5 Inch Diameter', '0.125 Inch Disc Thickness', '0.875 Inch Arbor Size', 'Dual Metal Compatibility', 'Arbor Attachment Type', 'Disc Abrasive Form']",,"['Metal Cutting', 'Metal Grinding']",73.3,needs_review,,Arbor,,,,4.5,in,,0.125,in,0.875,in,,,,,,,,,,,,,,,,,,,,,,,,,,,,,
49-94-0903,abrasive_product,"49-94-0903 Milw 4-1/2""x1/8""x7/8""Perform+Dual Metal Cut and Grind Disc",Milwaukee Accessory,,Disc,,,,,3 M,Milwaukee Accessory,,,,,EA,Cut and Grind Disc,"3 M, 49-94-0903 Perform+ Dual Metal Cut and Grind Disc, 49-94-0903",3M 4-1/2X1/8X7/8 CUT GRIND DISC 49-94-0903,"3 M Perform+ 49-94-0903 Cut and Grind Disc, 4.5 in Diameter, 0.125 in Thickness, 0.875 in Arbor Size, Arbor Attachment","3 M, 49-94-0903, Milwaukee Accessory, Perform+ series, abrasive_product category, Disc abrasive form, 4.5 in diameter, 0.125 in disc thickness, 0.875 in arbor size, Arbor attachment type",4-1/2 inch dual metal cut and grind disc with 7/8 inch arbor. Designed for cutting and grinding applications,"The 3 M 49-94-0903 Perform+ Dual Metal Cut and Grind Disc is an abrasive product designed for dual metal applications. This disc features a 4.5 inch diameter, a 0.125 inch thickness, and a 0.875 inch arbor size for use with compatible arbor-mount tools","['4.5 Inch Diameter', '0.125 Inch Disc Thickness', '0.875 Inch Arbor Size', 'Arbor Attachment Type', 'Dual Metal Compatibility', 'Perform+ Series']",,"['Metal Cutting', 'Metal Grinding']",73.9,needs_review,,Arbor,Perform+,,,4.5,in,,0.125,in,0.875,in,,,,,,,,,,,,,,,,,,,,,,,,,,,,,
49-94-0907,abrasive_product,"49-94-0907 Milw 4-1/2""x1/8""x5/8-11""Perform+Dual Metal Cut n Grind Disc",Milwaukee Accessory,1.0,Disc,,,,,Milwaukee,Milwaukee Accessory,,,,,EA,Abrasive Disc,"Milwaukee, 4-1/2""x1/8""x5/8-11"" Perform+ Dual Metal Cut n Grind Disc, Performance+, 49-94-0907",MILW 4-1/2IN 1/8IN 5/8-11 CUT GRIND DISC,"Milwaukee Performance+ 49-94-0907, 4-1/2""x1/8""x5/8-11"" Perform+ Dual Metal Cut n Grind Disc, 4.5"" diameter, 0.125"" thickness, 0.625"" arbor, arbor attachment","Milwaukee Performance+ 49-94-0907, 4-1/2""x1/8""x5/8-11"" Perform+ Dual Metal Cut n Grind Disc, abrasive product, disc form, 4.5 in diameter, 0.125 in disc thickness, 0.625 in arbor size, Milwaukee brand, Milwaukee Accessory manufacturer, Performance+ series, arbor attachment type","4-1/2"" Dual Metal Cut and Grind Disc with 0.125"" thickness and 5/8-11"" arbor attachment for abrasive applications",The Milwaukee Performance+ 49-94-0907 is a dual-purpose abrasive disc designed for both cutting and grinding applications. This 4.5-inch diameter disc features a 0.125-inch thickness and a 5/8-11-inch arbor attachment for secure mounting,"['4.5 Inch Diameter', '0.125 Inch Thickness', '5/8-11 Inch Arbor Size', 'Dual Metal Cutting And Grinding Capability', 'Performance+ Series']",,"['Metal Cutting', 'Metal Grinding']",74.9,needs_review,,Arbor,Performance+,,,4.5,in,,0.125,in,0.625,in,,,,,,,,,,,,,,,,,,,,,,,,,,,,,
49-94-0923,abrasive_product,"49-94-0923 Milw 6""x1/8""x7/8"" Perform+Dual Metal Cut and Grind Disc",Milwaukee Accessory,,Disc,,,,,3 M,Milwaukee Accessory,,,,,,Cut and Grind Disc,"3 M, 49-94-0923 Milw 6""x1/8""x7/8"" Perform+Dual Metal Cut and Grind Disc, 49-94-0923",3M 6IN X 1/8IN X 7/8IN CUT GRIND DISC,"3 M 49-94-0923, 49-94-0923 Milw 6""x1/8""x7/8"" Perform+Dual Metal Cut and Grind Disc, 6 in Diameter, 0.125 in Thickness, 0.875 in Arbor, Arbor Attachment","3 M 49-94-0923, 49-94-0923 Milw 6""x1/8""x7/8"" Perform+Dual Metal Cut and Grind Disc, Abrasive Product, Disc Form, 6 in Diameter, 0.125 in Disc Thickness, 0.875 in Arbor Size, Arbor Attachment Type",6-inch dual metal cut and grind disc with 0.125-inch thickness and 0.875-inch arbor for abrasive applications,The 3 M 49-94-0923 Perform+Dual Metal Cut and Grind Disc is designed for dual-purpose metal applications. This 6-inch abrasive disc features a 0.125-inch thickness and a 0.875-inch arbor for secure attachment,"['6 Inch Diameter', '0.125 Inch Disc Thickness', '0.875 Inch Arbor Size', 'Arbor Attachment Type', 'Disc Abrasive Form']",,"['Metal Cutting', 'Metal Grinding']",72.4,needs_review,,Arbor,Perform+,,,6.0,in,,0.125,in,0.875,in,,,,,,,,,,,,,,,,,,,,,,,,,,,,,
49-94-1900,abrasive_product,"49-94-1900 Milw 4""x1/8""x5/8"" Masonry Cut Off Disc",Milwaukee Accessory,,Disc,,,,,Milwaukee,Milwaukee Accessory,,,,,EA,Masonry Cut Off Disc,"Milwaukee, 49-94-1900 Milw 4""x1/8""x5/8"" Masonry Cut Off Disc, Performance+, 49-94-1900",MILW 4X1/8X5/8 MASONRY CUT OFF DISC,"Milwaukee Performance+ 49-94-1900 Masonry Cut Off Disc, 4 in Diameter, 0.125 in Disc Thickness, 0.625 in Arbor Size, Arbor Attachment","Milwaukee Performance+ 49-94-1900 Masonry Cut Off Disc, abrasive_product category, Disc abrasive form, 4 in diameter, 0.125 in disc thickness, 0.625 in arbor size, Arbor attachment type, Masonry material",4-inch masonry cut-off disc featuring a 0.125-inch thickness and 0.625-inch arbor. Designed for masonry cutting applications,The Milwaukee 49-94-1900 is a Performance+ series masonry cut-off disc designed for precision cutting. This 4-inch disc features a 0.125-inch thickness and a 0.625-inch arbor for secure attachment to compatible tools,"['4 Inch Diameter', '0.125 Inch Disc Thickness', '0.625 Inch Arbor Size', 'Masonry Material Composition', 'Arbor Attachment Type', 'Performance+ Series']",,['Masonry cutting'],79.9,needs_review,,Arbor,Performance+,,,4.0,in,,0.125,in,0.625,in,Masonry,,,,,,,,,,,,,,,,,,,,,,,,,,,,
49-94-1905,abrasive_product,"49-94-1905 Milw 4-1/2""x1/8""x7/8"" Masonry Cut Off Disc",Milwaukee Accessory,1.0,Disc,,,,,Milwaukee,Milwaukee Accessory,,,,,EA,Masonry Cut Off Disc,"Milwaukee, 4-1/2""x1/8""x7/8"" Masonry Cut Off Disc, Performance+, 49-94-1905",MILW 4-1/2 MASONRY CUT OFF DISC 49-94-1905,"Milwaukee Performance+ 49-94-1905 Masonry Cut Off Disc, 4.5 in Diameter, 0.125 in Thickness, 0.875 in Arbor, Silicon Carbide, Arbor Attachment","Milwaukee Accessory 49-94-1905, 4-1/2""x1/8""x7/8"" Masonry Cut Off Disc, Performance+ Series, Abrasive Disc, 4.5 in Diameter, 0.125 in Disc Thickness, 0.875 in Arbor Size, Silicon Carbide Material, Arbor Attachment Type, 1 EA Pack Quantity",4-1/2 inch masonry cut off disc with 0.125 inch thickness and 0.875 inch arbor. Constructed from silicon carbide for use with arbor-style attachments,The Milwaukee 49-94-1905 is a Performance+ series masonry cut off disc designed for arbor-style attachment. This 4.5-inch abrasive disc features a 0.125-inch thickness and is manufactured from silicon carbide material,"['4.5 Inch Diameter', '0.125 Inch Disc Thickness', '0.875 Inch Arbor Size', 'Silicon Carbide Material', 'Arbor Attachment Type', 'Performance+ Series']",1 Masonry Cut Off Disc,"['Masonry cutting', 'Abrasive material processing']",79.8,needs_review,,Arbor,Performance+,,,4.5,in,,0.125,in,0.875,in,Silicon Carbide,,,,,,,,,,,,,,,,,,,,,,,,,,,,
49-94-1915,abrasive_product,"49-94-1915 Milw 6-1/2""x1/8""x5/8"" DKO Masonry Cut Off Disc",Milwaukee Accessory,1.0,Disc,,,,,Milwaukee,Milwaukee Accessory,,,,,EA,Masonry Cut Off Disc,"Milwaukee, 6-1/2""x1/8""x5/8"" DKO Masonry Cut Off Disc, Performance+, 49-94-1915",MILW 6-1/2IN MASONRY CUT OFF DISC 49-94-1915,"Milwaukee, Performance+, 49-94-1915, 6-1/2""x1/8""x5/8"" DKO Masonry Cut Off Disc, 6.5"" diameter, 0.125"" thickness, 0.625"" arbor, 24 grit, Silicon Carbide mineral","Milwaukee Performance+ 49-94-1915 Masonry Cut Off Disc, abrasive form: disc, diameter: 6.5 in, disc thickness: 0.125 in, arbor size: 0.625 in, attachment type: arbor, grit: 24, mineral type: Silicon Carbide","6-1/2"" Masonry Cut Off Disc with 0.125"" thickness and 0.625"" arbor. Features 24 grit Silicon Carbide mineral construction for abrasive cutting applications","The Milwaukee Performance+ 49-94-1915 is a 6-1/2"" masonry cut off disc designed for abrasive cutting tasks. This disc features a 0.125"" thickness, a 0.625"" arbor, and utilizes 24 grit Silicon Carbide mineral for material removal","['6.5 Inch Diameter', '0.125 Inch Disc Thickness', '0.625 Inch Arbor Size', '24 Grit', 'Silicon Carbide Mineral', 'Performance+ Series']",,"['Masonry cutting', 'Abrasive material removal']",76.4,needs_review,24.0,Arbor,Performance+,Silicon Carbide,,6.5,in,,0.125,in,0.625,in,,,,,,,,,,,,,,,,,,,,,,,,,,,,,
49-94-1920,abrasive_product,"49-94-1920 Milw 7""x1/8""x5/8"" DKO Masonry Cut Off Disc",Milwaukee Accessory,,Disc,,,,,Milwaukee,Milwaukee Accessory,,,,,,Cut Off Disc,"Milwaukee, 49-94-1920 Milw 7""x1/8""x5/8"" DKO Masonry Cut Off Disc, Performance+, 49-94-1920",MILW 7IN MASONRY CUT OFF DISC 1/8IN,"Milwaukee Performance+ 49-94-1920 Masonry Cut Off Disc, 7 in diameter, 0.125 in thickness, 0.625 in arbor size, disc form, arbor attachment","Milwaukee Performance+ 49-94-1920 Masonry Cut Off Disc, abrasive product, disc form, 7 in diameter, 0.125 in disc thickness, 0.625 in arbor size, arbor attachment, masonry material",7-inch masonry cut-off disc with 0.125-inch thickness and 0.625-inch arbor size. Designed for masonry cutting applications,The Milwaukee Performance+ 49-94-1920 is a 7-inch abrasive cut-off disc engineered for masonry materials. This disc features a 0.125-inch thickness and a 0.625-inch arbor size for secure attachment to compatible tools,"['7 Inch Diameter', '0.125 Inch Disc Thickness', '0.625 Inch Arbor Size', 'Masonry Material Compatibility', 'Arbor Attachment Type', 'Performance+ Series']",,['Masonry cutting'],81.3,needs_review,24.0,Arbor,Performance+,Silicon Carbide,,7.0,in,,0.125,in,0.625,in,Masonry,,,,,,,,,,,,,,,,,,,,,,,,,,,,
49-94-1925,abrasive_product,"49-94-1925 Milw 10""x1/8""x5/8"" Masonry Cut Off Disc",Milwaukee Accessory,,Disc,,,,,Milwaukee,Milwaukee Accessory,,,,,EA,Cut Off Disc,"Milwaukee, 10""x1/8""x5/8"" Masonry Cut Off Disc, Performance+, 49-94-1925",MILW 10IN MASONRY CUT OFF DISC 49-94-1925,"Milwaukee Performance+ 49-94-1925, 10""x1/8""x5/8"" Masonry Cut Off Disc, 10 in diameter, 0.125 in thickness, 0.625 in arbor, masonry material, arbor attachment","Milwaukee Performance+ 49-94-1925 Masonry Cut Off Disc, 10 in diameter, 0.125 in thickness, 0.625 in arbor size, abrasive disc form, masonry material, arbor attachment type",10-inch masonry cut-off disc with 0.125-inch thickness and 0.625-inch arbor. Designed for performance in masonry material applications,The Milwaukee 49-94-1925 is a Performance+ series abrasive disc engineered for masonry cutting applications. This 10-inch disc features a 0.125-inch thickness and a 0.625-inch arbor for secure attachment to compatible tools,"['10 Inch Diameter', '0.125 Inch Thickness', '0.625 Inch Arbor Size', 'Masonry Material Compatibility', 'Performance+ Series', 'Arbor Attachment Type', 'Abrasive Disc Form']",,"['Masonry Cutting', 'Construction Material Fabrication']",74.2,needs_review,,Arbor,Performance+,Silicon Carbide,,10.0,in,,0.125,in,0.625,in,Masonry,,,,,,,,,,,,,,,,,,,,,,,,,,,,
49-94-1935,abrasive_product,"49-94-1935 Milw 12""x1/8""x1"" Masonry Cut Off Disc",Milwaukee Accessory,,Disc,,,,,Milwaukee,Milwaukee Accessory,,,,,EA,Cut Off Disc,"Milwaukee, 49-94-1935 Milw 12""x1/8""x1"" Masonry Cut Off Disc, Performance+, 49-94-1935",MILW 12IN MASONRY CUT OFF DISC 1/8IN 1IN,"Milwaukee Performance+ 49-94-1935, 12""x1/8""x1"" Masonry Cut Off Disc, 12 in diameter, 0.125 in thickness, 1 in arbor size, arbor attachment","Milwaukee Performance+ 49-94-1935 masonry cut off disc, 12 in diameter, 0.125 in disc thickness, 1 in arbor size, arbor attachment, abrasive disc form, masonry material",12-inch masonry cut-off disc with 1/8-inch thickness and 1-inch arbor. Designed for abrasive cutting applications,The Milwaukee Performance+ 49-94-1935 is a 12-inch abrasive cut-off disc engineered for masonry applications. It features a 0.125-inch thickness and a 1-inch arbor attachment for secure mounting,"['12 Inch Diameter', '0.125 Inch Disc Thickness', '1 Inch Arbor Size', 'Masonry Material Compatibility', 'Arbor Attachment Type', 'Performance+ Series']",,"['Masonry cutting', 'Abrasive cutting']",72.8,needs_review,,Arbor,Performance+,,,12.0,in,,0.125,in,1.0,in,Masonry,,,,,,,,,,,,,,,,,,,,,,,,,,,,
49-94-1940,abrasive_product,"49-94-1940 Milw 14""x1/8""x1"" Masonry Cut Off Disc",Milwaukee Accessory,,Disc,,,,,Milwaukee,Milwaukee Accessory,,,,,EA,Cut Off Disc,"Milwaukee, 49-94-1940 Milw 14""x1/8""x1"" Masonry Cut Off Disc, Performance+, 49-94-1940",MILW 14IN MASONRY CUT OFF DISC 1IN ARBOR,"Milwaukee Performance+ 49-94-1940, 14""x1/8""x1"" Masonry Cut Off Disc, 14 in diameter, 0.125 in thickness, 1 in arbor size, arbor attachment","Milwaukee Accessory 49-94-1940, Performance+ series, abrasive product, disc abrasive form, 14 in diameter, 0.125 in disc thickness, 1 in arbor size, arbor attachment type",14-inch masonry cut-off disc with 1-inch arbor. Features a 0.125-inch thickness for precision cutting in masonry applications,The Milwaukee 49-94-1940 is a Performance+ series abrasive disc designed for masonry cutting applications. This 14-inch disc features a 0.125-inch thickness and utilizes a 1-inch arbor attachment for secure mounting,"['14 Inch Diameter', '0.125 Inch Disc Thickness', '1 Inch Arbor Size', 'Performance+ Series', 'Arbor Attachment Type', 'Masonry Cut Off Disc']",,['Masonry cutting'],72.7,needs_review,,Arbor,Performance+,,,14.0,in,,0.125,in,1.0,in,Masonry,,,,,,,,,,,,,,,,,,,,,,,,,,,,
49-94-0501,abrasive_product,"49-94-0501 Milw 4""x1/4""x5/8"" Metal Grinding Wheel",Milwaukee Accessory,,Disc,,,,,Milwaukee,Milwaukee Accessory,,,,,EA,Grinding Wheel,"Milwaukee, 49-94-0501 Milw 4""x1/4""x5/8"" Metal Grinding Wheel, Performance+, 49-94-0501",MILW 4IN X 1/4IN X 5/8IN METAL GRIND WHL,"Milwaukee Performance+ 49-94-0501 Grinding Wheel, 4 in diameter, 0.25 in thickness, 0.625 in arbor size, metal material, arbor attachment, disc abrasive form","Milwaukee Performance+ 49-94-0501 Grinding Wheel, abrasive product category, disc abrasive form, 4 in diameter, 0.25 in disc thickness, 0.625 in arbor size, metal material, arbor attachment type",4-inch metal grinding wheel with 1/4-inch thickness and 5/8-inch arbor. Designed for metal grinding applications,"This Milwaukee Performance+ grinding wheel is engineered for metal grinding applications. The disc features a 4-inch diameter, a 0.25-inch thickness, and a 0.625-inch arbor size for secure attachment to compatible tools","['4 Inch Diameter', '0.25 Inch Disc Thickness', '0.625 Inch Arbor Size', 'Metal Material', 'Arbor Attachment Type', 'Performance+ Series', 'Disc Abrasive Form']",,"['Metal grinding', 'Material removal']",79.9,needs_review,,Arbor,Performance+,,,4.0,in,,0.25,in,0.625,in,Metal,,,,,,,,,,,,,,,,,,,,,,,,,,,,
49-94-0503,abrasive_product,"49-94-0503 Milw 4-1/2""x1/4""x7/8"" Metal Grinding Wheel",Milwaukee Accessory,,Disc,,,,,3 M,Milwaukee Accessory,,,,,EA,Grinding Wheel,"3 M, 49-94-0503 Milw 4-1/2""x1/4""x7/8"" Metal Grinding Wheel, 49-94-0503",3M 49-94-0503 4.5IN METAL GRINDING WHEEL,"3 M 49-94-0503 Milw 4-1/2""x1/4""x7/8"" Metal Grinding Wheel, 4.5 in diameter, 0.25 in thickness, 0.875 in arbor size, arbor attachment, metal material","3 M 49-94-0503 Milw 4-1/2""x1/4""x7/8"" Metal Grinding Wheel, abrasive product, disc form, 4.5 in diameter, 0.25 in disc thickness, 0.875 in arbor size, arbor attachment, metal material","Metal grinding wheel with 4.5 inch diameter, 0.25 inch thickness, and 0.875 inch arbor size for use with arbor-mount abrasive tools","This 3 M grinding wheel is designed for metal applications. The disc features a 4.5 inch diameter, a 0.25 inch thickness, and an 0.875 inch arbor size for secure attachment","['4.5 Inch Diameter', '0.25 Inch Disc Thickness', '0.875 Inch Arbor Size', 'Arbor Attachment Type', 'Metal Material Construction', 'Disc Abrasive Form']",,"['Metal grinding', 'Abrasive metal finishing']",72.9,needs_review,,Arbor,,,,4.5,in,,0.25,in,0.875,in,Metal,,,,,,,,,,,,,,,,,,,,,,,,,,,,
49-94-0523,abrasive_product,"49-94-0523 Milw 6""x1/4""x7/8"" Metal Grinding Wheel",Milwaukee Accessory,,Disc,,,,,3 M,Milwaukee Accessory,,,,,EA,Grinding Wheel,"3 M, 49-94-0523 Milw 6""x1/4""x7/8"" Metal Grinding Wheel, 49-94-0523",3M 49-94-0523 6X1/4X7/8 GRINDING WHEEL,"3 M 49-94-0523 Milw 6""x1/4""x7/8"" Metal Grinding Wheel, 6 in diameter, 0.25 in thickness, 0.875 in arbor size, arbor attachment","3 M 49-94-0523 Milw 6""x1/4""x7/8"" Metal Grinding Wheel, abrasive product, disc abrasive form, 6 in diameter, 0.25 in disc thickness, 0.875 in arbor size, arbor attachment",6-inch metal grinding wheel with 1/4-inch thickness and 7/8-inch arbor mount for standard abrasive applications,"This 3 M abrasive grinding wheel is designed for metal applications. The disc features a 6-inch diameter, a 0.25-inch thickness, and a 0.875-inch arbor attachment","['6 Inch Diameter', '0.25 Inch Disc Thickness', '0.875 Inch Arbor Size', 'Arbor Attachment Type', 'Disc Abrasive Form']",,['Metal grinding'],71.7,needs_review,,Arbor,,,,6.0,in,,0.25,in,0.875,in,Metal,,,,,,,,,,,,,,,,,,,,,,,,,,,,
49-94-1955,abrasive_product,"49-94-1955 Milw 4-1/2""x1/4""x7/8"" Masonry Grinding Wheel",Milwaukee Accessory,1.0,Disc,,,,,Milwaukee,Milwaukee Accessory,,,,,EA,Grinding Wheel,"Milwaukee, 49-94-1955 Masonry Grinding Wheel, Performance+, 49-94-1955",MILW 4-1/2X1/4X7/8 MASONRY GRINDING WHL,"Milwaukee Performance+ 49-94-1955 Masonry Grinding Wheel, 4.5 in diameter, 0.25 in thickness, 0.875 in arbor, disc form, arbor attachment","Milwaukee Performance+ 49-94-1955 Masonry Grinding Wheel, abrasive product, disc form, 4.5 in diameter, 0.25 in disc thickness, 0.875 in arbor size, arbor attachment type",4-1/2 inch masonry grinding wheel with 0.25 inch thickness and 7/8 inch arbor. Designed for disc-based abrasive applications,The Milwaukee 49-94-1955 Performance+ masonry grinding wheel is a disc-style abrasive designed for use with an arbor attachment. This 4.5-inch diameter wheel features a 0.25-inch thickness and a 0.875-inch arbor size for standard grinding applications,"['4.5 Inch Diameter', '0.25 Inch Disc Thickness', '0.875 Inch Arbor Size', 'Performance+ Series', 'Arbor Attachment Type', 'Disc Abrasive Form']",,"['Masonry grinding', 'Abrasive material removal']",73.4,needs_review,,Arbor,Performance+,,,4.5,in,,0.25,in,0.875,in,Silicon Carbide,,,,,,,,,,,,,,,,,,,,,,,,,,,,
49-94-1965,abrasive_product,"49-94-1965 Milw 7""x1/4""x7/8"" Masonry Grinding Wheel",Milwaukee Accessory,,Disc,,,,,Milwaukee,Milwaukee Accessory,,,,,EA,Grinding Wheel,"Milwaukee, 49-94-1965 Milw 7""x1/4""x7/8"" Masonry Grinding Wheel, Performance+, 49-94-1965",MILW 7IN MASONRY GRINDING WHEEL 1/4IN,"Milwaukee Performance+ 49-94-1965, 7""x1/4""x7/8"" Masonry Grinding Wheel, 7 in diameter, 0.25 in thickness, 0.875 in arbor size, arbor attachment","Milwaukee Performance+ 49-94-1965 Masonry Grinding Wheel, abrasive product, disc form, 7 in diameter, 0.25 in disc thickness, 0.875 in arbor size, arbor attachment, masonry material",7-inch masonry grinding wheel with 0.25-inch thickness and 0.875-inch arbor. Designed for masonry grinding applications,The Milwaukee 49-94-1965 is a 7-inch masonry grinding wheel from the Performance+ series. This abrasive disc features a 0.25-inch thickness and is designed for use with an 0.875-inch arbor attachment,"['7 Inch Diameter', '0.25 Inch Disc Thickness', '0.875 Inch Arbor Size', 'Masonry Material Compatibility', 'Performance+ Series', 'Arbor Attachment Type', 'Disc Abrasive Form']",,"['Masonry grinding', 'Surface preparation']",73.8,needs_review,,Arbor,Performance+,,,7.0,in,,0.25,in,0.875,in,Masonry,,,,,,,,,,,,,,,,,,,,,,,,,,,,
49-94-0513,abrasive_product,"49-94-0513 Milw 5""x1/4""x7/8"" Metal Grinding Wheel",Milwaukee Accessory,,Disc,,,,,3 M,Milwaukee Accessory,,,,,EA,Grinding Wheel,"3 M, 49-94-0513 Milw 5""x1/4""x7/8"" Metal Grinding Wheel, 49-94-0513",3M 49-94-0513 5IN X 1/4IN GRINDING WHEEL,"3 M 49-94-0513 Milw 5""x1/4""x7/8"" Metal Grinding Wheel, 5 in diameter, 0.25 in thickness, 0.875 in arbor size, disc form, arbor attachment","3 M 49-94-0513 Milw 5""x1/4""x7/8"" Metal Grinding Wheel, abrasive product category, disc abrasive form, 5 in diameter, 0.25 in disc thickness, 0.875 in arbor size, arbor attachment type",5-inch metal grinding wheel with 0.25-inch thickness and 0.875-inch arbor. Designed for disc-based abrasive applications,The 3 M 49-94-0513 is a 5-inch metal grinding wheel engineered for heavy-duty abrasive tasks. This disc-style wheel features a 0.25-inch thickness and a 0.875-inch arbor size for secure attachment to compatible equipment,"['5 Inch Diameter', '0.25 Inch Disc Thickness', '0.875 Inch Arbor Size', 'Disc Abrasive Form', 'Arbor Attachment Type']",,"['Metal Grinding', 'Abrasive Applications']",73.7,needs_review,,Arbor,,,,5.0,in,,0.25,in,0.875,in,Metal,,,,,,,,,,,,,,,,,,,,,,,,,,,,
49-94-0533,abrasive_product,"49-94-0533 Milw 7""x1/4""x7/8"" Metal Grinding Wheel",Milwaukee Accessory,,Disc,,,,,3 M,Milwaukee Accessory,,,,,EA,Grinding Wheel,"3 M, 49-94-0533 Milw 7""x1/4""x7/8"" Metal Grinding Wheel, 49-94-0533",3M 49-94-0533 7X1/4X7/8 METAL GRIND WHL,"3 M 49-94-0533 Milw 7""x1/4""x7/8"" Metal Grinding Wheel, 7 in diameter, 0.25 in thickness, 0.875 in arbor size, metal material, arbor attachment","3 M 49-94-0533 Milw 7""x1/4""x7/8"" Metal Grinding Wheel, abrasive product, disc abrasive form, 7 in diameter, 0.25 in disc thickness, 0.875 in arbor size, metal material, arbor attachment type",7-inch metal grinding wheel with 0.25-inch thickness and 0.875-inch arbor. Designed for metal applications,"This 3 M grinding wheel is designed for metal applications. It features a 7-inch diameter, a 0.25-inch thickness, and a 0.875-inch arbor size for secure attachment","['7 Inch Diameter', '0.25 Inch Disc Thickness', '0.875 Inch Arbor Size', 'Metal Material', 'Arbor Attachment Type', 'Disc Abrasive Form']",,"['Metal Grinding', 'Metal Fabrication']",72.9,needs_review,,Arbor,,,,7.0,in,,0.25,in,0.875,in,Metal,,,,,,,,,,,,,,,,,,,,,,,,,,,,
DFBLBLOMFN01G,abrasive_product,DFBLBLOMFN01G Diablo 220 Grit - Flat Edge Sanding Sponge,Freud Inc,,Disc,,,,,Diablo,Freud Inc,,,,,EA,Sanding Sponge,"Diablo, DFBLBLOMFN01G Diablo 220 Grit - Flat Edge Sanding Sponge, DFBLBLOMFN01G",DIABLO 220 GRIT FLAT SANDING SPONGE,"Diablo DFBLBLOMFN01G 220 Grit - Flat Edge Sanding Sponge, 220 Grit, Disc Form, Arbor Attachment","Diablo DFBLBLOMFN01G 220 Grit - Flat Edge Sanding Sponge, Manufacturer Freud Inc, Category abrasive_product, Grit 220, Abrasive Form Disc, Attachment Type Arbor",220 grit flat edge sanding sponge in disc form with arbor attachment for abrasive applications,The Diablo DFBLBLOMFN01G is a 220 grit sanding sponge designed for abrasive applications. This product features a flat edge profile and is configured as a disc with an arbor attachment type,"['220 Grit', 'Flat Edge Profile', 'Disc Abrasive Form', 'Arbor Attachment Type']",,"['Abrasive surface preparation', 'Sanding applications']",62.7,needs_review,220.0,Arbor,,,,,,,,,,,,,,,,,,,,,,,,,,,,,,,,,,,,,,,
1700-1PK-BB40,tape_sealant,3/4x60' Vinyl Elect Tape,3 M Co,1.0,,,,,,3M,3 M Co,720.0,in,0.75,in,PK,Vinyl Electrical Tape,"3M, 3/4x60' Vinyl Elect Tape, 1700, 1700-1PK-BB40",3M 1700 VINYL TAPE 0.75IN X 60FT 1PK,"3M, 1700, 1700-1PK-BB40, 3/4x60' Vinyl Elect Tape, 0.75 in width, 60 ft roll length, Vinyl material, 1 pack quantity","3M 1700 series vinyl electrical tape, part number 1700-1PK-BB40, product form tape, material vinyl, width 0.75 in, length 720 in, roll length 60 ft, pack quantity 1, selling UOM PK","Vinyl electrical tape measuring 0.75 inches wide by 60 feet long. Designed for electrical applications, this single-pack roll features durable vinyl construction","This 3M 1700 series vinyl electrical tape is designed for professional use, offering a width of 0.75 inches and a total roll length of 60 feet. The vinyl construction provides a reliable material for various electrical sealing and insulation tasks. This product is supplied as a single-pack unit","['0.75 Inch Width', '60 Foot Roll Length', 'Vinyl Material', '1700 Series', 'Single Pack Quantity']",1 Roll of Vinyl Tape,"['Electrical insulation', 'Wire bundling', 'Cable splicing']",79.5,needs_review,,,1700,,,,,,,,,,Vinyl,0.75,in,60.0,ft,Tape,,,,,,,,,,,,,,,,,,,,,,,
ASH-40-40-04,tape_sealant,1.5x1.5x13' Legacy Emseal Tape,Emseal Joint Systems Ltd,,,,,,,Emseal,Emseal Joint Systems Ltd,156.0,in,1.5,in,RL,Joint Sealant Tape,"Emseal, 1.5x1.5x13' Legacy Emseal Tape, Legacy, ASH-40-40-04",EMSEAL LEGACY TAPE 1.5X1.5X156IN ASH-40-40-04,"Emseal, Legacy, ASH-40-40-04, 1.5x1.5x13' Legacy Emseal Tape, 1.5 in width, 1.5 in height, 156 in length","Emseal Joint Systems Ltd Legacy series ASH-40-40-04 1.5x1.5x13' Legacy Emseal Tape, 1.5 in tape width, 1.5 ft roll length, 1.5 in width, 1.5 in height, 156 in length, selling UOM RL",Joint sealant tape measuring 1.5 inches wide by 1.5 inches high with a total length of 156 inches (13 feet),"The Emseal Legacy series ASH-40-40-04 is a joint sealant tape designed for specific dimensional requirements. This product features a 1.5-inch width, a 1.5-inch height, and a total length of 156 inches","['1.5 Inch Width', '1.5 Inch Height', '156 Inch Length', 'Legacy Series', 'Roll Selling Unit']",,"['Joint sealing', 'Gap filling']",77.6,needs_review,,,Legacy,,,,,,,,,,,1.5,in,1.5,ft,Expanding Foam Tape,1.5,in,,,,,,,,,,,,,,,,,,,,,
KDFM404KPS,kitchen_appliance,KDFM404KPS Dishwasher SS,Appliance Dealers Cooperative,,,,,,,,KitchenAid,,,,,EA,Dishwasher,"KDFM404KPS Dishwasher SS, Part Number: KDFM404KPS",DISHWASHER 24IN SS ELECTRIC KDFM404KPS,"KDFM404KPS Dishwasher SS, KDFM404KPS, 24 in Width, Stainless Steel, Electric Fuel Type","KDFM404KPS Dishwasher SS, KDFM404KPS, Appliance Dealers Cooperative, kitchen_appliance, Stainless Steel, Dishwasher, Stainless Steel, 24 in, Electric",24-inch wide dishwasher featuring a durable stainless steel finish and electric operation for efficient kitchen performance,This 24-inch dishwasher is designed for standard kitchen installations and features a sleek stainless steel finish. It operates on an electric fuel source to provide consistent cleaning performance,"['24 Inch Width', 'Stainless Steel Finish', 'Electric Fuel Type', 'Dishwasher Appliance Type']",,"['Residential Kitchens', 'Commercial Kitchens']",76.4,needs_review,,,,,,,,,,,,,,,,,,,,,Stainless Steel,Dishwasher,Stainless Steel,24.0,in,Electric,,,,,,,,,,,,,,,
PDSH4816AF,kitchen_appliance,PDSH4816AF Dishwasher SS - Display Only,Appliance Dealers Cooperative,,,,,,,,Frigidaire,,,,,EA,Dishwasher,"Dishwasher, PDSH4816AF",DISHWASHER 24IN SS 120V ELECTRIC,"PDSH4816AF Dishwasher, 24 in, Stainless Steel, Electric, 120 V","PDSH4816AF Dishwasher, Stainless Steel, 24 in width, Electric fuel type, 120 V voltage","24-inch Stainless Steel Dishwasher. Electric operation, 120V power supply",This 24-inch dishwasher features a durable stainless steel finish and is designed for standard 120V electric kitchen installations. It provides a reliable solution for dish sanitation requirements in residential or commercial kitchen environments,"['24 Inch Width', 'Stainless Steel Finish', 'Electric Fuel Type', '120 V Voltage', 'Dishwasher Appliance Type']",,"['Residential Kitchens', 'Commercial Kitchens']",67.2,needs_review,,,Professional,,,,,,,,,,,,,,,,,,Stainless Steel,Dishwasher,Stainless Steel,24.0,in,Electric,120.0,V,,,,,,,,,,,,,
PDT715SYVFS,kitchen_appliance,PDT715SYVFS Ge Dishwasher SS,Appliance Dealers Cooperative,,,,,,,,GE,,,,,EA,Dishwasher,"GE, PDT715SYVFS Ge Dishwasher SS, PDT715SYVFS",GE DISHWASHER 24IN STAINLESS STEEL,"GE, PDT715SYVFS, PDT715SYVFS Ge Dishwasher SS, 24 in Width, Stainless Steel Finish, Dishwasher","GE PDT715SYVFS Ge Dishwasher SS, 24 in width, stainless steel color, stainless steel finish, dishwasher appliance type, kitchen appliance category","24-inch wide dishwasher featuring a durable stainless steel finish for a clean, professional look in any kitchen environment",This GE dishwasher is designed for standard 24-inch kitchen cabinet openings. The unit features a stainless steel finish and is categorized as a kitchen appliance,"['24 Inch Width', 'Stainless Steel Finish', 'Dishwasher Appliance Type']",,"['Residential Kitchens', 'Commercial Kitchens']",68.6,needs_review,,,,,,,,,,,,,,,,,,,,,Stainless Steel,Dishwasher,Stainless Steel,24.0,in,Electric,,,,,,,,,,,,,,,
LDPH5554D,kitchen_appliance,LDPH5554D LG Dishwasher BSS,Appliance Dealers Cooperative,,,,,,,,LG,,,,,EA,Dishwasher,"LG, LDPH5554D LG Dishwasher BSS, LDPH5554D",LG DISHWASHER 24IN BLACK STAINLESS STEEL,"LG LDPH5554D Dishwasher, 24 in, Black Stainless Steel, Electric. This LG dishwasher provides a standard 24-inch width and electric operation","LG LDPH5554D Dishwasher, 24 in width, Black Stainless Steel finish, Electric fuel type, kitchen appliance category",24-inch wide dishwasher featuring a durable Black Stainless Steel finish and electric operation for standard kitchen installations,The LG LDPH5554D is a 24-inch wide dishwasher designed for standard kitchen cabinetry. This electric appliance features a Black Stainless Steel finish for a modern aesthetic,"['24 Inch Width', 'Black Stainless Steel Finish', 'Electric Fuel Type', 'LG Brand Quality']",,"['Residential Kitchens', 'Commercial Kitchens']",69.0,needs_review,,,,,,,,,,,,,,,,,,,,,Stainless Steel,Dishwasher,Black Stainless Steel,24.0,in,Electric,,,,,,,,,,,,,,,
WDTS7024RZ,kitchen_appliance,WDTS7024RZ Dishwasher SS - Display Only,Appliance Dealers Cooperative,,,,,,,,,,,24.0,in,EA,Dishwasher,"Appliance Dealers Cooperative, WDTS7024RZ Dishwasher SS - Display Only, WDTS7024RZ",DISHWASHER 24IN SS 120V WDTS7024RZ,"Appliance Dealers Cooperative WDTS7024RZ Dishwasher SS - Display Only, 24 in Width, Stainless Steel Finish, 120 V, Electric Fuel Type","WDTS7024RZ Dishwasher SS - Display Only, WDTS7024RZ, Appliance Dealers Cooperative, kitchen_appliance, Stainless Steel, Dishwasher, Electric, 24 in, Stainless Steel, 24 in, 120 V, Stainless Steel, Stainless Steel",24-inch wide dishwasher featuring a durable stainless steel finish. Designed for 120V electric operation,"The WDTS7024RZ is a 24-inch wide electric dishwasher designed for standard 120V power supply. This unit features a stainless steel finish and construction, suitable for integration into kitchen environments","['24 Inch Width', 'Stainless Steel Finish', '120 V Voltage', 'Electric Fuel Type', 'Stainless Steel Material']",,"['Residential Kitchens', 'Commercial Kitchens']",70.0,needs_review,,,,,,,,,,,,,Stainless Steel,,,,,,,,Stainless Steel,Dishwasher,Stainless Steel,24.0,in,Electric,120.0,V,Stainless Steel,,,,,,,,,,,,
PDD415PYYFS,kitchen_appliance,PDD415PYYFS GE Dishwasher SS,Appliance Dealers Cooperative,,,,,,,,GE,,,24.0,in,EA,Dishwasher,"GE, PDD415PYYFS GE Dishwasher SS, PDD415PYYFS",DISHWASHER GE PDD415PYYFS 24IN 120V SST,"GE PDD415PYYFS Dishwasher, Stainless Steel, 24 in Width, 120 V, Electric","GE PDD415PYYFS Dishwasher, Stainless Steel finish, 24 in width, 120 V voltage, Electric fuel type, Kitchen appliance category",24-inch wide dishwasher featuring a stainless steel finish. Designed for standard 120V electric kitchen installations,The GE PDD415PYYFS is a 24-inch wide dishwasher designed for standard 120V electric kitchen applications. This unit features a durable stainless steel finish to complement modern kitchen environments,"['24 Inch Width', 'Stainless Steel Finish', '120 V Voltage', 'Electric Fuel Type', 'Dishwasher Appliance Type']",,"['Residential Kitchens', 'Commercial Kitchens']",70.8,needs_review,,,,,,,,,,,,,,,,,,,,,Stainless Steel,Dishwasher,Stainless Steel,24.0,in,Electric,120.0,V,,,,,,,,,,,,,
KDTS424SBE,kitchen_appliance,KDTS424SBE Kitchen Aid Dishwasher Bk,Appliance Dealers Cooperative,,,,,,,,KitchenAid,,,24.0,in,EA,Dishwasher,"KitchenAid, KDTS424SBE Kitchen Aid Dishwasher Bk, KDTS424SBE",KITCHENAID DISHWASHER 24IN 120V BLK,"KitchenAid KDTS424SBE Kitchen Aid Dishwasher Bk, 24 in width, Black color, Stainless Steel finish, 120 V, Electric fuel type","KitchenAid KDTS424SBE Kitchen Aid Dishwasher Bk, Manufacturer: KitchenAid, Part Number: KDTS424SBE, Appliance Type: Dishwasher, Width: 24 in, Color: Black, Finish: Stainless Steel, Fuel Type: Electric, Voltage: 120 V, Supplier: Appliance Dealers Cooperative",24-inch wide dishwasher in black with a stainless steel finish. Designed for standard 120V electric operation,The KitchenAid KDTS424SBE is a 24-inch electric dishwasher designed for standard 120V power systems. This unit features a black color profile with a stainless steel finish to coordinate with kitchen environments,"['24 Inch Width', 'Black Color', 'Stainless Steel Finish', 'Electric Fuel Type', '120 V Voltage']",,"['Residential kitchens', 'Kitchen appliance installations']",72.8,needs_review,,,,,,,,,,,,,,,,,,,,,Black,Dishwasher,Stainless Steel,24.0,in,Electric,120.0,V,,,,,,,,,,,,,
KDTS324SPS,kitchen_appliance,KDTS324SPS Kitchen Aid Dishwasher SS,Appliance Dealers Cooperative,,,,,,,,KitchenAid,,,24.0,in,EA,Dishwasher,"KitchenAid, KDTS324SPS Kitchen Aid Dishwasher SS, KDTS324SPS",KITCHENAID DISHWASHER 24IN SST 120V,"KitchenAid KDTS324SPS Kitchen Aid Dishwasher SS, 24 in width, Stainless Steel finish, Electric fuel type, 120 V","KitchenAid KDTS324SPS Kitchen Aid Dishwasher SS, 24 in width, 24 in appliance width, Stainless Steel color, Stainless Steel finish, Electric fuel type, 120 V voltage, kitchen appliance category",24-inch electric dishwasher featuring a durable stainless steel finish. Designed for standard kitchen installations,The KitchenAid KDTS324SPS is a 24-inch electric dishwasher engineered for standard kitchen applications. This unit features a stainless steel finish and operates on 120 V power,"['24 Inch Width', 'Stainless Steel Finish', 'Electric Fuel Type', '120 V Voltage', 'Kitchen Appliance Category']",,"['Residential kitchen', 'Commercial kitchen']",73.3,needs_review,,,,,,,,,,,,,,,,,,,,,Stainless Steel,Dishwasher,Stainless Steel,24.0,in,Electric,120.0,V,Stainless Steel,,,,,,,,,,,,
KDPS624SJP,kitchen_appliance,KDPS624SJP Dishwasher Juniper - Display Only,Appliance Dealers Cooperative,,,,,,,,KitchenAid,,,24.0,in,EA,Dishwasher,"Appliance Dealers Cooperative, KDPS624SJP Dishwasher Juniper - Display Only, KDPS624SJP",DISHWASHER 24IN SS 120V KDPS624SJP,"Appliance Dealers Cooperative KDPS624SJP Dishwasher Juniper - Display Only, 24 in Width, Stainless Steel Finish, 120 V, Electric Fuel Type","The KDPS624SJP Dishwasher Juniper - Display Only is a kitchen appliance, featuring a 24 in width, stainless steel material, stainless steel finish, stainless steel color, 120 V voltage, and electric fuel type",24-inch stainless steel dishwasher. Features electric operation at 120V. Designed for kitchen installation,"This 24-inch dishwasher is designed for kitchen integration, utilizing an electric fuel source at 120V. The unit is constructed with a stainless steel finish and material to provide a consistent aesthetic for the kitchen environment","['24 Inch Width', 'Stainless Steel Finish', 'Electric Fuel Type', '120 V Voltage', 'Kitchen Appliance Category']",,['Kitchen'],73.2,needs_review,,,,,,,,,,,,,Stainless Steel,,,,,,,,Stainless Steel,Dishwasher,Stainless Steel,24.0,in,Electric,120.0,V,Stainless Steel,,,,,,,,,,,,
KDTS624SBE,kitchen_appliance,KDTS624SBE Dishwasher BO Display Only,Appliance Dealers Cooperative,,,,,,,,KitchenAid,,,24.0,in,EA,Dishwasher,"Kitchen Appliance, KDTS624SBE Dishwasher BO Display Only, KDTS624SBE",DISHWASHER 24IN SST 120V KDTS624SBE,"Kitchen Appliance KDTS624SBE Dishwasher BO Display Only, 24 in width, Stainless Steel finish, 120 V, Electric fuel type","Kitchen Appliance, Dishwasher, KDTS624SBE, Stainless Steel color, 24 in width, Electric fuel type, 24 in appliance width, Stainless Steel finish, 120 V voltage, Stainless Steel material, Stainless Steel finish",24 in Stainless Steel Dishwasher. Features a durable stainless steel finish and operates on 120 V electric power,"This 24-inch dishwasher is constructed with a stainless steel finish for a durable kitchen appliance solution. Designed for standard electric operation, this unit functions at 120 V","['24 Inch Width', 'Stainless Steel Finish', 'Electric Fuel Type', '120 V Voltage', 'Stainless Steel Material']",,"['Residential Kitchen', 'Commercial Kitchen']",72.2,needs_review,,,,,,,,,,,,,Stainless Steel,,,,,,,,Stainless Steel,Dishwasher,Stainless Steel,24.0,in,Electric,120.0,V,Stainless Steel,,,,,,,,,,,,
D519127,general_product,D519127 Heater Kit,V & V Appliance Parts Inc,1.0,,,,,,V & V,V & V Appliance Parts Inc,,,,,SET,Heater Kit,"V & V, D519127 Heater Kit, D519127",V & V HEATER KIT D519127,"V & V D519127 Heater Kit, Manufacturer: V & V Appliance Parts Inc, Product Type: Heater Kit, Part Number: D519127","Manufacturer: V & V Appliance Parts Inc, Brand: V & V, Product Name: D519127 Heater Kit, Product Type: Heater Kit, Part Number: D519127, Category: general_product, Supplier: V & V Appliance Parts Inc",Heater Kit for appliance maintenance and repair. Manufactured by V & V Appliance Parts Inc,The D519127 Heater Kit is a replacement component manufactured by V & V Appliance Parts Inc. This kit is designed for use in general appliance applications as specified by the manufacturer,"['V & V Brand', 'Heater Kit Type', 'Manufacturer Part Number D519127', 'V & V Appliance Parts Inc Supply']",,"['Appliance maintenance', 'Appliance repair']",68.7,needs_review,,,,,,,,,,,,,,,,,,,,,,,,,,,,,,Heater Kit,,,,,,,,,,,
DF7004WE,laundry_appliance,DF7004WE Speed Queen Elect Dryer Wh,Appliance Dealers Cooperative,,,,,,,,Speed Queen,,,,,EA,Dryer,"Speed Queen, DF7004WE Speed Queen Elect Dryer Wh, DF7004WE",SPEED QUEEN DF7004WE ELEC DRYER WHITE,"Speed Queen DF7004WE Speed Queen Elect Dryer Wh, Electric, White, Laundry Appliance","Speed Queen DF7004WE Speed Queen Elect Dryer Wh, Laundry Appliance, White, Dryer, Electric, EA",Electric dryer in white finish. Designed for laundry applications,The Speed Queen DF7004WE is an electric dryer designed for laundry appliance applications. This unit is finished in white and is sold as a single unit,"['Electric Fuel Type', 'White Color Finish', 'Laundry Appliance Category', 'Speed Queen Manufacturer']",,"['Laundry room', 'Residential laundry', 'Commercial laundry']",66.9,needs_review,,,,,,,,,,,,,,,,,,,,,White,Dryer,White,,,Electric,,,,,,,,,,,,,,,
DR7004BE,laundry_appliance,DR7004BE SQ Elect Dryer Bk,Appliance Dealers Cooperative,,,,,,,,Speed Queen,,,,,EA,Dryer,"SQ, DR7004BE SQ Elect Dryer Bk, DR7004BE",DR7004BE GAS DRYER BLACK,"SQ, DR7004BE, DR7004BE SQ Elect Dryer Bk, Gas, Black","Manufacturer Part Number: DR7004BE, Product Name: DR7004BE SQ Elect Dryer Bk, Supplier Account: Appliance Dealers Cooperative, Category: laundry_appliance, Color: Black, Appliance Type: Dryer, Fuel Type: Gas, Finish: Black",Gas dryer featuring a black finish. Designed for laundry applications,The DR7004BE is a gas-powered laundry appliance designed for drying tasks. This unit features a black finish and is supplied by Appliance Dealers Cooperative,"['Gas Fuel Type', 'Black Finish', 'Dryer Appliance Type']",,"['Laundry room', 'Residential laundry']",67.7,needs_review,,,,,,,,,,,,,,,,,,,,,Black,Dryer,Black,,,Gas,,,,,,,,,,,,,,,
DV2000WE,laundry_appliance,DV2000WE SQ Elect Dryer Wh,Appliance Dealers Cooperative,,,,,,,,Speed Queen,,,,,EA,Dryer,"Appliance Dealers Cooperative, DV2000WE SQ Elect Dryer Wh, DV2000WE",DV2000WE ELEC DRYER WHITE,"Appliance Dealers Cooperative DV2000WE, DV2000WE SQ Elect Dryer Wh, Electric, White, Laundry Appliance","Manufacturer Part Number: DV2000WE, Product Name: DV2000WE SQ Elect Dryer Wh, Supplier Account: Appliance Dealers Cooperative, Category: laundry_appliance, Color: White, Appliance Type: Dryer, Fuel Type: Electric, Finish: White",Electric dryer in white finish. Designed for laundry applications,The DV2000WE is an electric dryer supplied by Appliance Dealers Cooperative. This laundry appliance features a white finish and is designed for standard drying operations,"['Electric Fuel Type', 'White Finish', 'Laundry Appliance Category', 'Dryer Appliance Type']",,"['Laundry room', 'Residential laundry']",75.5,needs_review,,,,,,,,,,,,,,,,,,,,,White,Dryer,Wh,,,Electric,,,,,,,,,,,,,,,
DC5004WE,laundry_appliance,DC5004WE SQ Elect Dryer Wh,Appliance Dealers Cooperative,,,,,,,,Speed Queen,,,,,EA,Dryer,"DC5004WE SQ Elect Dryer Wh, DC5004WE",DC5004WE GAS DRYER WHITE,"DC5004WE SQ Elect Dryer Wh, DC5004WE, Gas, White, Laundry Appliance","DC5004WE SQ Elect Dryer Wh, DC5004WE, Appliance Dealers Cooperative, laundry_appliance, White, Dryer, Gas, White finish",Gas dryer in a white finish. Designed for laundry applications,The DC5004WE is a gas-powered laundry appliance designed for drying tasks. This unit features a white finish and is supplied through the Appliance Dealers Cooperative,"['Gas Fuel Type', 'White Finish', 'Laundry Appliance Category', 'Dryer Appliance Type']",,"['Residential laundry', 'Commercial laundry']",65.7,needs_review,,,,,,,,,,,,,,,,,,,,,White,Dryer,White,,,Gas,,,,,,,,,,,,,,,
DC5004BE,laundry_appliance,DC5004BE SQ Elect Dryer Bk,Appliance Dealers Cooperative,,,,,,,,Speed Queen,,,,,EA,Dryer,"Appliance Dealers Cooperative, DC5004BE SQ Elect Dryer Bk, DC5004BE",DRYER GAS BLACK DC5004BE,"Appliance Dealers Cooperative DC5004BE SQ Elect Dryer Bk, Gas, Black, Dryer","Appliance Dealers Cooperative, DC5004BE SQ Elect Dryer Bk, DC5004BE, laundry_appliance, Black, Dryer, Gas, Black finish",Gas dryer finished in black. This laundry appliance is designed for efficient drying performance,"The DC5004BE is a gas-powered dryer designed for laundry applications. Featuring a black finish, this appliance provides a functional solution for drying needs","['Gas Fuel Type', 'Black Finish', 'Dryer Appliance Type', 'Laundry Appliance Category']",,"['Laundry room', 'Residential laundry']",67.7,needs_review,,,,,,,,,,,,,,,,,,,,,Black,Dryer,Black,,,Gas,,,,,,,,,,,,,,,
WKE100HWA,laundry_appliance,WKE100HWA LG Laundry Center Wh - Display,Appliance Dealers Cooperative,,,,,,,,LG,,,,,EA,Laundry Center,"LG, WKE100HWA Laundry Center, WKE100HWA",LG WKE100HWA LAUNDRY CENTER 27IN GAS,"LG WKE100HWA Laundry Center, 27 in, Gas, Front Load, White","LG WKE100HWA Laundry Center, 27 in, Gas, Front Load, White, Laundry Appliance, Appliance Dealers Cooperative",27-inch Gas Laundry Center in White. Features a front-load design for efficient laundry management,The LG WKE100HWA is a 27-inch wide gas laundry center designed for front-load operation. This white laundry appliance is supplied by the Appliance Dealers Cooperative,"['27 Inch Width', 'Gas Fuel Type', 'Front Load Configuration', 'White Finish']",,"['Residential Laundry', 'Utility Room']",67.1,needs_review,,,,,,,,,,,,,,,,,,,,,White,Laundry Center,White,27.0,in,Gas,,,,,Front Load,,,,,,,,,,
FF7011WN,laundry_appliance,FF7011WN Speed Queen Washer Wh,Appliance Dealers Cooperative,,,,,,,,Speed Queen,,,,,EA,Dryer,"Speed Queen, FF7011WN Speed Queen Washer Wh, FF7011WN",SPEED QUEEN DRYER GAS FF7011WN WHITE,"Speed Queen, FF7011WN, FF7011WN Speed Queen Washer Wh, Gas, White, Dryer","Manufacturer Part Number FF7011WN, Product Name FF7011WN Speed Queen Washer Wh, Supplier Account Appliance Dealers Cooperative, Category laundry_appliance, Color White, Appliance Type Dryer, Fuel Type Gas, Finish White",Gas dryer in white finish. Designed for laundry applications,The FF7011WN is a gas-powered dryer finished in white. This laundry appliance is supplied by Appliance Dealers Cooperative,"['Gas Fuel Type', 'White Color', 'White Finish', 'Dryer Appliance Type']",,['Laundry'],60.9,needs_review,,,,,,,,,,,,,,,,,,,,,White,Dryer,White,,,Gas,,,,,,,,,,,,,,,
PTD70GBPTDG,laundry_appliance,PTD70GBPTDG GE Gas Dryer DG,Appliance Dealers Cooperative,,,,,,,,GE,,,,,,Gas Dryer,"GE, PTD70GBPTDG GE Gas Dryer DG, Series 70, PTD70GBPTDG",GE GAS DRYER SERIES 70 PTD70GBPTDG,"GE, Series 70, PTD70GBPTDG, PTD70GBPTDG GE Gas Dryer DG, Gas fuel type, Laundry appliance category","Manufacturer: GE, Series: 70, Part Number: PTD70GBPTDG, Product Name: PTD70GBPTDG GE Gas Dryer DG, Category: laundry_appliance, Fuel Type: Gas, Appliance Type: Dryer, Supplier: Appliance Dealers Cooperative",Gas dryer from the 70 series. Designed for laundry applications,The PTD70GBPTDG is a gas-powered laundry appliance manufactured by GE as part of their 70 series. This dryer is supplied through the Appliance Dealers Cooperative,"['GE Manufacturer', '70 Series', 'Gas Fuel Type', 'Dryer Appliance Type', 'Laundry Appliance Category']",,"['Residential laundry', 'Commercial laundry']",72.0,needs_review,,,70,,,,,,,,,,,,,,,,,,,Dryer,,,,Gas,,,,,,,,,,,,,,,
PTD70GBSTWS,laundry_appliance,PTD70GBSTWS GE Gas Dryer Wh,Appliance Dealers Cooperative,1.0,,,,,,,GE,,,,,EA,Gas Dryer,"GE, PTD70GBSTWS GE Gas Dryer Wh, PTD70GBSTWS",GE GAS DRYER PTD70GBSTWS WHITE,"GE PTD70GBSTWS Gas Dryer, PTD70GBSTWS GE Gas Dryer Wh, Gas, White","Manufacturer: GE, Product Name: PTD70GBSTWS GE Gas Dryer Wh, Part Number: PTD70GBSTWS, Appliance Type: Dryer, Fuel Type: Gas, Color: White, Finish: White, Supplier: Appliance Dealers Cooperative","Gas dryer in white finish, designed for residential laundry applications",The GE PTD70GBSTWS is a gas-powered laundry dryer finished in white. This appliance is supplied by Appliance Dealers Cooperative and is designed to meet standard laundry drying requirements,"['Gas Fuel Type', 'White Finish', 'Dryer Appliance Type', 'GE Manufacturer', 'Model PTD70GBSTWS']",,"['Residential laundry', 'Commercial laundry']",74.4,needs_review,,,,,,,,,,,,,,,,,,,,,White,Dryer,White,,,Gas,,,,,,,,,,,,,,,
DR5004WG,laundry_appliance,DR5004WG SQ Gas Dryer Wh,Appliance Dealers Cooperative,,,,,,,,Speed Queen,,,,,EA,Gas Dryer,"Speed Queen, DR5004WG SQ Gas Dryer Wh, DR5004WG",SPEED QUEEN GAS DRYER DR5004WG WHITE,"Speed Queen DR5004WG Gas Dryer, White, Gas fuel type, Laundry appliance","Speed Queen DR5004WG gas dryer, laundry appliance, gas fuel type, white color, white finish, sold by the each",Gas dryer in white finish. Designed for laundry applications,The Speed Queen DR5004WG is a gas-powered laundry dryer finished in white. This appliance is designed to meet standard laundry drying requirements,"['Gas Fuel Type', 'White Finish', 'Laundry Appliance Category', 'Speed Queen Brand']",,"['Residential laundry', 'Commercial laundry']",67.1,needs_review,,,,,,,,,,,,,,,,,,,,,White,Dryer,White,,,Gas,,,,,,,,,,,,,,,
DR7004BG,laundry_appliance,DR7004BG SQ Gas Dryer Bk,Appliance Dealers Cooperative,,,,,,,,Speed Queen,,,,,EA,Dryer,"SQ, DR7004BG SQ Gas Dryer Bk, DR7004BG",DR7004BG SQ GAS DRYER BLACK,"SQ, DR7004BG, DR7004BG SQ Gas Dryer Bk, Gas, Black, Laundry Appliance","Manufacturer Part Number: DR7004BG, Product Name: DR7004BG SQ Gas Dryer Bk, Supplier Account: Appliance Dealers Cooperative, Category: laundry_appliance, Fuel Type: Gas, Color: Black, Appliance Type: Dryer, Finish: Black",Gas dryer featuring a black finish. Designed for laundry applications,The DR7004BG SQ Gas Dryer is a laundry appliance designed for gas-powered operation. This unit features a black finish and is supplied through the Appliance Dealers Cooperative,"['Gas Fuel Type', 'Black Finish', 'Laundry Appliance Category', 'Dryer Appliance Type']",,"['Residential laundry', 'Commercial laundry']",68.1,needs_review,,,,,,,,,,,,,,,,,,,,,Black,Dryer,Black,,,Gas,,,,,,,,,,,,,,,
DR7004WG,laundry_appliance,DR7004WG SQ Gas Dryer Wh,Appliance Dealers Cooperative,,,,,,,,Speed Queen,,,,,EA,Dryer,"Speed Queen, DR7004WG SQ Gas Dryer Wh, DR7004WG",SPEED QUEEN GAS DRYER DR7004WG,"Speed Queen DR7004WG SQ Gas Dryer Wh, Gas, White, Dryer","Manufacturer: Speed Queen, Model: DR7004WG, Product Name: DR7004WG SQ Gas Dryer Wh, Category: laundry_appliance, Fuel Type: Gas, Color: White, Finish: White, Appliance Type: Dryer, Selling UOM: EA, Supplier: Appliance Dealers Cooperative",Gas dryer finished in white. Designed for laundry applications,The Speed Queen DR7004WG is a gas-powered laundry appliance designed for efficient drying operations. This unit features a white finish and is supplied by the Appliance Dealers Cooperative,"['Gas Fuel Type', 'White Finish', 'Dryer Appliance Type', 'Speed Queen Manufacturer']",,"['Residential laundry', 'Commercial laundry']",65.7,needs_review,,,,,,,,,,,,,,,,,,,,,White,Dryer,White,,,Gas,,,,,,,,,,,,,,,
DV2000WG,laundry_appliance,DV2000WG SQ Gas Dryer Wh,Appliance Dealers Cooperative,,,,,,,,Speed Queen,,,,,EA,Dryer,"Appliance Dealers Cooperative, DV2000WG SQ Gas Dryer Wh, DV2000WG",DV2000WG GAS DRYER WHITE,"Appliance Dealers Cooperative DV2000WG SQ Gas Dryer Wh, Gas, White, Dryer","Manufacturer Part Number DV2000WG, Product Name DV2000WG SQ Gas Dryer Wh, Supplier Account Appliance Dealers Cooperative, Category laundry_appliance, Fuel Type Gas, Color White, Appliance Type Dryer, Selling UOM EA, Finish White",Gas dryer in white finish. Designed for laundry applications,The DV2000WG is a gas-powered laundry appliance designed for efficient drying. This unit features a white finish and is supplied by Appliance Dealers Cooperative,"['Gas Fuel Type', 'White Finish', 'Laundry Appliance Category', 'Dryer Configuration']",,"['Residential laundry', 'Commercial laundry']",70.2,needs_review,,,,,,,,,,,,,,,,,,,,,White,Dryer,White,,,Gas,,,,,,,,,,,,,,,
DC5004WG,laundry_appliance,DC5004WG SQ Gas Dryer Wh,Appliance Dealers Cooperative,,,,,,,,Speed Queen,,,,,EA,Dryer,"DC5004WG SQ Gas Dryer Wh, Part Number: DC5004WG",GAS DRYER WHITE DC5004WG,"DC5004WG SQ Gas Dryer Wh, Part Number: DC5004WG, Gas Fuel Type, White Color, Dryer Appliance Type","Manufacturer Part Number: DC5004WG, Product Name: DC5004WG SQ Gas Dryer Wh, Supplier Account: Appliance Dealers Cooperative, Category: laundry_appliance, Fuel Type: Gas, Color: White, Appliance Type: Dryer, Selling UOM: EA, Finish: White",Gas dryer in a white finish. This laundry appliance is designed for efficient drying performance,The DC5004WG is a gas-powered dryer designed for laundry applications. This unit features a white finish and is supplied by the Appliance Dealers Cooperative,"['Gas Fuel Type', 'White Finish', 'Dryer Appliance Type', 'Laundry Appliance Category']",,"['Residential laundry', 'Commercial laundry']",70.2,needs_review,,,,,,,,,,,,,,,,,,,,,White,Dryer,White,,,Gas,,,,,,,,,,,,,,,
DC5004BG,laundry_appliance,DC5004BG SQ Gas Dryer Bk,Appliance Dealers Cooperative,,,,,,,,Speed Queen,,,,,EA,Gas Dryer,"DC5004BG SQ Gas Dryer Bk, DC5004BG",GAS DRYER DC5004BG BLACK,"DC5004BG SQ Gas Dryer Bk, DC5004BG, Gas, Black, Dryer","Manufacturer Part Number DC5004BG, Product Name DC5004BG SQ Gas Dryer Bk, Supplier Account Appliance Dealers Cooperative, Category laundry_appliance, Fuel Type Gas, Color Black, Appliance Type Dryer, Selling UOM EA, Finish Black",Gas dryer featuring a black finish. Designed for laundry applications,The DC5004BG is a gas-powered laundry dryer finished in black. This unit is supplied by Appliance Dealers Cooperative and is designed for standard laundry appliance applications,"['Gas Fuel Type', 'Black Finish', 'Dryer Appliance Type', 'Laundry Appliance Category']",,"['Laundry room', 'Residential laundry']",75.1,needs_review,,,,,,,,,,,,,,,,,,,,,Black,Dryer,Black,,,Gas,,,,,,,,,,,,,,,
PTW705BSTWS,laundry_appliance,PTW705BSTWS GE Washer Wh,Appliance Dealers Cooperative,,,,,,,,GE,,,,,EA,Dryer,"GE, PTW705BSTWS GE Washer Wh, PTW705BSTWS",GE DRYER GAS WHITE PTW705BSTWS,"GE PTW705BSTWS GE Washer Wh, Dryer, Gas, White, EA","Manufacturer Part Number PTW705BSTWS, Product Name PTW705BSTWS GE Washer Wh, Supplier Account Appliance Dealers Cooperative, Category laundry_appliance, Color White, Appliance Type Dryer, Selling UOM EA, Fuel Type Gas, Finish White","Gas dryer finished in white. Designed for laundry applications, sold as a single unit",This gas-powered dryer is designed for laundry applications and features a white finish. The unit is supplied by Appliance Dealers Cooperative and is sold as a single unit,"['Gas Fuel Type', 'White Finish', 'Laundry Appliance Category', 'Single Unit Selling UOM']",,"['Laundry room', 'Residential laundry']",60.9,needs_review,,,,,,,,,,,,,,,,,,,,,White,Dryer,White,,,Gas,,,,,,,,,,,,,,,
MVWP586GW,laundry_appliance,MVWP586GW Washer Wh - Display,Appliance Dealers Cooperative,1.0,,,,,,,Maytag,,,,,EA,Dryer,"Appliance Dealers Cooperative, MVWP586GW Washer Wh - Display, MVWP586GW",GAS DRYER WHITE MVWP586GW,"Appliance Dealers Cooperative MVWP586GW Washer Wh - Display, Gas, White, 1 Pack","Manufacturer Part Number MVWP586GW, Product Name MVWP586GW Washer Wh - Display, Supplier Appliance Dealers Cooperative, Category laundry_appliance, Color White, Appliance Type Dryer, Selling UOM EA, Fuel Type Gas, Finish White, Pack Quantity 1",Gas dryer in white finish. This laundry appliance is sold as a single unit,This gas-powered laundry appliance is finished in white. It is supplied as a single unit by Appliance Dealers Cooperative,"['Gas Fuel Type', 'White Finish', 'Single Pack Quantity', 'Laundry Appliance Category']",,"['Laundry room', 'Residential utility space']",59.8,needs_review,,,,,,,,,,,,,,,,,,,,,White,Dryer,White,,,Gas,,,,,,,,,,,,,,,
TV2000WN,laundry_appliance,TV2000WN SQ Elect Washer,Appliance Dealers Cooperative,,,,,,,,Speed Queen,,,,,EA,Dryer,"Appliance Dealers Cooperative, TV2000WN SQ Elect Washer, TV2000WN",TV2000WN GAS DRYER,"Appliance Dealers Cooperative TV2000WN SQ Elect Washer, TV2000WN, Gas, Laundry Appliance","Manufacturer Part Number: TV2000WN, Product Name: TV2000WN SQ Elect Washer, Supplier Account: Appliance Dealers Cooperative, Category: laundry_appliance, Appliance Type: Dryer, Selling UOM: EA, Fuel Type: Gas",Gas dryer for laundry applications. Professional-grade laundry appliance,The TV2000WN is a gas-powered laundry appliance designed for efficient drying operations. This unit is supplied by Appliance Dealers Cooperative and is categorized as a laundry appliance,"['Gas Fuel Type', 'Dryer Appliance Type', 'Laundry Appliance Category']",,"['Residential laundry rooms', 'Commercial laundry facilities']",60.7,needs_review,,,,,,,,,,,,,,,,,,,,,White,Dryer,White,,,Gas,,,,,,,,,,,,,,,
TC5003BN,laundry_appliance,TC5003BN SQ Washer Bk,Appliance Dealers Cooperative,,,,,,,,Speed Queen,,,,,EA,Dryer,"Appliance Dealers Cooperative, TC5003BN SQ Washer Bk, TC5003BN",DRYER GAS BLACK TC5003BN,"Appliance Dealers Cooperative TC5003BN SQ Washer Bk, Gas, Black, EA","Manufacturer Part Number TC5003BN, Product Name TC5003BN SQ Washer Bk, Supplier Account Appliance Dealers Cooperative, Category laundry_appliance, Color Black, Appliance Type Dryer, Selling UOM EA, Fuel Type Gas, Finish Black","Gas dryer in a black finish. Designed for laundry applications, this unit is sold individually",The TC5003BN is a gas-powered laundry appliance featuring a black finish. This unit is supplied by Appliance Dealers Cooperative and is sold as a single unit,"['Gas Fuel Type', 'Black Finish', 'Laundry Appliance Category', 'Individual Unit Selling UOM']",,"['Laundry room', 'Residential laundry']",61.0,needs_review,,,,,,,,,,,,,,,,,,,,,Black,Dryer,Black,,,Gas,,,,,,,,,,,,,,,
TR7006WN,laundry_appliance,TR7006WN Speed Queen Washer Wh,Appliance Dealers Cooperative,,,,,,,,Speed Queen,,,,,EA,Dryer,"Speed Queen, TR7006WN Speed Queen Washer Wh, TR7006WN",TR7006WN GAS DRYER WHITE,"Speed Queen, TR7006WN, TR7006WN Speed Queen Washer Wh, Gas, White, Laundry Appliance","Manufacturer Part Number TR7006WN, Product Name TR7006WN Speed Queen Washer Wh, Supplier Appliance Dealers Cooperative, Category laundry_appliance, Color White, Appliance Type Dryer, Selling UOM EA, Fuel Type Gas, Finish White",Gas dryer in white finish. Designed for laundry applications,The TR7006WN is a gas-powered dryer finished in white. This laundry appliance is supplied by Appliance Dealers Cooperative and is sold as a single unit,"['Gas Fuel Type', 'White Finish', 'Laundry Appliance Category', 'Single Unit Selling UOM']",,"['Laundry room', 'Residential laundry']",61.1,needs_review,,,,,,,,,,,,,,,,,,,,,White,Dryer,White,,,Gas,,,,,,,,,,,,,,,
TR7006BN,laundry_appliance,TR7006BN Speed Queen Washer Bk,Appliance Dealers Cooperative,,,,,,,,Speed Queen,,,,,EA,Dryer,"Speed Queen, TR7006BN Speed Queen Washer Bk, TR7006BN",SPEED QUEEN DRYER GAS BLACK TR7006BN,"Speed Queen TR7006BN Speed Queen Washer Bk, Gas, Black, Laundry Appliance","Speed Queen TR7006BN, Speed Queen Washer Bk, laundry_appliance, Black, Dryer, EA, Gas, Appliance Dealers Cooperative",Gas dryer finished in black. Designed for laundry applications,The Speed Queen TR7006BN is a gas-powered laundry appliance finished in black. This unit is supplied by Appliance Dealers Cooperative and is designed to meet standard laundry drying requirements,"['Gas Fuel Type', 'Black Finish', 'Dryer Appliance Type', 'Laundry Appliance Category']",,"['Residential laundry', 'Commercial laundry']",60.1,needs_review,,,,,,,,,,,,,,,,,,,,,Black,Dryer,Black,,,Gas,,,,,,,,,,,,,,,
TR5006WN,laundry_appliance,TR5006WN Speed Queen Washer Wh,Appliance Dealers Cooperative,1.0,,,,,,,Speed Queen,,,,,EA,Dryer,"Speed Queen, TR5006WN Speed Queen Washer Wh, TR5006WN",SPEED QUEEN DRYER GAS WHITE TR5006WN,"Speed Queen, TR5006WN Speed Queen Washer Wh, TR5006WN, Gas, White, Laundry Appliance","Manufacturer Part Number TR5006WN, Product Name TR5006WN Speed Queen Washer Wh, Supplier Appliance Dealers Cooperative, Category laundry_appliance, Color White, Appliance Type Dryer, Selling UOM EA, Fuel Type Gas, Finish White, Pack Quantity 1","Gas dryer in white finish. Designed for laundry applications, this unit is supplied as a single EA",The TR5006WN is a gas-powered dryer finished in white. This laundry appliance is supplied as a single unit through the Appliance Dealers Cooperative,"['Gas Fuel Type', 'White Finish', 'Laundry Appliance Category', 'Single Unit Pack Quantity']",,"['Laundry room', 'Residential laundry']",59.8,needs_review,,,,,,,,,,,,,,,,,,,,,White,Dryer,White,,,Gas,,,,,,,,,,,,,,,
05134545001,work_apparel,9516 Kneeling Pad& Bttl Opener,Wera Tools NA Inc,1.0,,,,,,Wera,Wera Tools NA Inc,,,,,EA,Knee Pad,"Wera, 9516 Kneeling Pad & Bttl Opener, 05134545001",WERA 9516 KNEE PAD BTTL OPENER 05134545001,"Wera, 9516 Kneeling Pad & Bttl Opener, 05134545001, Knee Pad, Work Apparel","Manufacturer: Wera Tools NA Inc, Brand: Wera, Product Name: 9516 Kneeling Pad & Bttl Opener, Manufacturer Part Number: 05134545001, Category: Work Apparel, Item Type: Knee Pad",Kneeling pad featuring an integrated bottle opener. Designed for use as work apparel,The Wera 9516 Kneeling Pad & Bttl Opener (05134545001) is a specialized item within the work apparel category. This product functions as a knee pad and includes an integrated bottle opener feature,"['Knee Pad Design', 'Integrated Bottle Opener', 'Work Apparel Category']",,"['Workplace knee protection', 'Manual labor tasks']",67.5,needs_review,,,,,,,,Bottle Opener,,,,,,,,,,,,,,,,,,,,,,,,Knee Pad,One Size,,,,,,,,
LNL65301,kitchen_appliance,LNL65301 Digital Tire Pressure - Inflator Gauge,Appliance Dealers Cooperative,,,,,,,,,,,24.0,in,EA,Dishwasher,"Appliance Dealers Cooperative, LNL65301 Digital Tire Pressure - Inflator Gauge, LNL65301",DISHWASHER 24IN SST 120V LNL65301,"Appliance Dealers Cooperative LNL65301 Digital Tire Pressure - Inflator Gauge, 24 in Width, Stainless Steel Finish, 120 V, Electric Fuel Type","Manufacturer Part Number LNL65301, Product Name LNL65301 Digital Tire Pressure - Inflator Gauge, Category kitchen_appliance, Appliance Type Dishwasher, Supplier Account Appliance Dealers Cooperative, Color Stainless Steel, Material Stainless Steel, Finish Stainless Steel, Width 24 in, Fuel Type Electric, Appliance Width 24 in, Finish Color Stainless Steel, Voltage 120 V",24 in Stainless Steel Dishwasher. Features electric operation at 120 V. Durable stainless steel construction and finish,This 24-inch dishwasher is constructed with a stainless steel material and finish to provide a consistent aesthetic. The unit operates on an electric fuel type at 120 V,"['24 Inch Width', 'Stainless Steel Material', 'Stainless Steel Finish', 'Electric Fuel Type', '120 V Voltage']",,"['Kitchen', 'Residential Kitchen']",36.7,needs_review,,,,,,,,,,,,,Stainless Steel,,,,,,,,Stainless Steel,Dishwasher,Stainless Steel,24.0,in,Electric,120.0,V,Stainless Steel,,,,,,,,,,,,
25-A,mortar_cement,Charcoal Black 25-A Mortar - Type N,Rees Cast Stone Company,,,,,,,Rees,Rees Cast Stone Company,,,,,,Mortar,"Rees, Charcoal Black 25-A Mortar - Type N, 25-A",REES 25-A TYPE N CHARCOAL BLACK MORTAR,"Rees 25-A Charcoal Black 25-A Mortar - Type N, Type N Mortar, Charcoal Black color, Rees Cast Stone Company manufacturer","Rees Cast Stone Company 25-A Charcoal Black 25-A Mortar - Type N, Type N mortar, Charcoal Black color, mortar material, Rees brand",Type N mortar in Charcoal Black. Designed for masonry applications requiring standard strength and aesthetic color integration,The Rees 25-A is a Type N mortar formulated for masonry projects. This product features a Charcoal Black color profile to meet specific aesthetic requirements for cast stone and brick installations,"['Type N Mortar', 'Charcoal Black Color', 'Rees Cast Stone Company Manufacturer', '25-A Part Number']",,"['Masonry construction', 'Cast stone installation']",68.7,needs_review,,,,,,,,,,,,,Mortar,,,,,,,,Charcoal Black,,,,,,,,,,,,,Type N,Charcoal Black,,,,,,
38-E,mortar_cement,Dark Chocolate 38-E Mortar - Type N,Rees Cast Stone Company,,,,,,,Rees,Rees Cast Stone Company,,,,,,Mortar,"Rees Cast Stone Company, Dark Chocolate 38-E Mortar - Type N, 38-E",REES MORTAR TYPE N DARK CHOCOLATE 38-E,"Rees 38-E Dark Chocolate 38-E Mortar - Type N, Type N Mortar, Dark Chocolate Color, Rees Cast Stone Company Manufacturer","Rees Cast Stone Company 38-E Dark Chocolate 38-E Mortar - Type N, Type N mortar type, Dark Chocolate color name, Rees brand, Rees Cast Stone Company manufacturer",Type N mortar in Dark Chocolate. A professional-grade mortar for masonry applications from Rees Cast Stone Company,The Rees 38-E is a Type N mortar formulated by Rees Cast Stone Company. This product features a Dark Chocolate color profile for specific aesthetic requirements in masonry projects,"['Type N Mortar', 'Dark Chocolate Color', 'Rees Brand', '38-E Part Number', 'Rees Cast Stone Company Manufacturer']",,"['Masonry construction', 'Stone installation']",69.6,needs_review,,,,,,,,,,,,,Mortar,,,,,,,,Dark Chocolate,,,,,,,,,,,,,Type N,Dark Chocolate,,,,,,
59-J,mortar_cement,Light Buff 59-J Mortar - Type N,Rees Cast Stone Company,,,,,,,Rees,Rees Cast Stone Company,,,,,,Mortar,"Rees, Light Buff 59-J Mortar - Type N, 59-J",REES MORTAR TYPE N LIGHT BUFF 59-J,"Rees 59-J Light Buff 59-J Mortar - Type N, Type N, Light Buff, 59-J","Rees Cast Stone Company 59-J, Light Buff 59-J Mortar - Type N, Rees, Type N, Light Buff, 59-J",Type N mortar in Light Buff color. Designed for masonry applications,The Rees 59-J is a Type N mortar formulated in a Light Buff color. This mortar is manufactured by the Rees Cast Stone Company for professional masonry applications,"['Type N Mortar', 'Light Buff Color', 'Model 59-J', 'Rees Cast Stone Company Manufacture']",,"['Masonry construction', 'Stone setting']",68.8,needs_review,,,,,,,,,,,,,Mortar,,,,,,,,Light Buff,,,,,,,,,,,,,Type N,Light Buff,59-J,,,,,
44-A,mortar_cement,Light Chocolate 44-A Mortar - Type N,Rees Cast Stone Company,,,,,,,Rees,Rees Cast Stone Company,,,,,,Mortar,"Rees, Light Chocolate 44-A Mortar - Type N, 44-A",REES 44-A MORTAR TYPE N LIGHT CHOCOLATE,"Rees 44-A Light Chocolate 44-A Mortar - Type N, Type N Mortar, Light Chocolate Color, Rees Cast Stone Company Manufacturer","Rees 44-A Light Chocolate 44-A Mortar - Type N, manufactured by Rees Cast Stone Company, supplied by Rees Cast Stone Company, Type N mortar, Light Chocolate color",Type N mortar in Light Chocolate. Suitable for masonry applications requiring standard strength mortar,The Rees 44-A Light Chocolate Mortar is a Type N mortar formulated for masonry projects. This product is manufactured by Rees Cast Stone Company and provides a consistent Light Chocolate color finish,"['Type N Mortar', 'Light Chocolate Color', 'Rees Cast Stone Company Manufacturer', '44-A Part Number']",,"['Masonry construction', 'Stone installation']",74.3,needs_review,,,,,,,,,,,,,Mortar,,,,,,,,Light Chocolate,,,,,,,,,,,,,Type N,Light Chocolate,44-A,,,,,
543302126,railing_component,6' Wh Select T-Rail Kit Horiz - w/Sq Composite Balusters,U S Lumber,,,,,,,TREX,TREX,72.0,in,,,SET,Railing Kit,"TREX, 6' Wh Select T-Rail Kit Horiz - w/Sq Composite Balusters, Select, 543302126",TREX 6FT SELECT T-RAIL KIT WHITE,"TREX Select 543302126 6' Wh Select T-Rail Kit Horiz - w/Sq Composite Balusters, 6 ft, White, Composite, Composite Balusters","TREX, 543302126, 6' Wh Select T-Rail Kit Horiz - w/Sq Composite Balusters, Select, Rail Kit, 6 ft, 72 in, White, Composite, Composite Balusters, U S Lumber",6 ft horizontal composite railing kit in white. Includes composite balusters for a complete Select series railing installation,The TREX 543302126 is a 6-foot horizontal rail kit from the Select series. This composite railing system features white composite balusters and is designed for standard railing applications,"['6 Ft Rail Length', '72 In Total Length', 'Composite Material', 'White Color Finish', 'Composite Baluster Style', 'Select Series', 'Horizontal Rail Kit']","Rail kit, Composite balusters","['Residential deck railing', 'Porch railing systems', 'Balcony railing']",83.5,needs_review,,,Select,,,,,Sq Composite Balusters,,,,,Composite,,,,,,,,White,,,,,,,,,,,,,,,,Rail Kit,6.0,ft,Composite,Composite
